node,SCT
crystal_chronicles:bronchus_planks,1.250
suppsquared:item_shelf_jungle,0.630
born_in_chaos_v1:great_reaper_axe,15305.000
protection_pixel:hellsnakeas_chestplate,2098.660
sophisticatedstorage:diamond_to_netherite_tier_upgrade,49.600
minecraft:chiseled_tuff_bricks,0.300
minecraft:stonecutter,1.170
irons_spellbooks:greater_conjurers_talisman,4405.870
crystal_chronicles:bronchus_door,2.500
hazennstuff:dreadstone,40.000
exposure_polaroid:high_sensitivity_instant_black_and_white_slide,12.600
minecraft:melon,67.500
create:oak_window,1.400
somemoreblocks:polished_dripstone_stairs,0.080
somemoreblocks:red_sandstone_tiles,1.200
protection_pixel:socks_boots,62.200
minecraft:cobblestone_wall,0.300
somemoreblocks:smooth_end_stone,0.300
somemoreblocks:tiled_tinted_glass,11.570
minecraft:waxed_cut_copper_slab,9.050
minecraft:raw_copper,6.000
born_in_chaos_v1:skullbreaker_hammer,33305.000
hazennstuff:obsidian_claymore,0.000
hazennstuff:hammush,4767.340
somemoreblocks:iron_grate,2.430
somemoreblocks:yellow_checkered_tiles,0.320
minecraft:spruce_sign,0.830
born_in_chaos_v1:scorched_planks_button,1.800
better_weaponry:emerald_shield,54.980
somemoreblocks:mossy_tuff_brick_slab,0.250
somemoreblocks:purpur_tile_stairs,15.000
fdbosses:divine_gear,0.000
somemoreblocks:snow_brick_slab,0.500
sophisticatedbackpacks:advanced_refill_upgrade,191.800
sophisticatedstorage:copper_to_iron_tier_upgrade,1.600
create:copper_bars,0.070
minecraft:leather_helmet,0.700
minecraft:glow_item_frame,16.000
crystal_chronicles:toxic_chestplate,10250.030
minecraft:crimson_fungus,0.500
genshinstrument:ukulele,18.320
minecraft:chiseled_nether_bricks,0.320
better_weaponry:amethyst_shovel,6.550
minecraft:nether_brick_stairs,0.320
supplementaries:bubble_blower,0.390
supplementaries:crank,1.320
minecraft:recovery_compass,7201.180
hazennstuff:cloth_of_the_flamebearer,0.000
hazennstuff:cryogenic_ruler_helmet,15777.410
minecraft:cherry_fence,0.830
hazennstuff:hazel_boots,16977.810
better_weaponry:wooden_dagger,1.250
supplementaries:netherite_trapdoor,13.080
crystal_chronicles:bronchus_pressure_plate,2.500
irons_spellbooks:autoloader_crossbow,110.600
create:cherry_window,1.400
somemoreblocks:cracked_snow_tiles,1.000
better_weaponry:golden_claymore,1.500
crystal_chronicles:paladin_leggings,10084.670
somemoreblocks:red_shingles_stairs,0.160
somemoreblocks:mossy_diorite_brick_wall,0.500
irons_spellbooks:hellrazor,64.530
better_weaponry:netherite_cutlass,735.860
exposure:high_sensitivity_black_and_white_film,71.370
minecraft:cut_sandstone_slab,0.600
create:clockwork_bearing,6.340
born_in_chaos_v1:black_argillite_button,0.120
minecraft:cherry_door,0.830
somemoreblocks:smooth_dripstone_slab,0.040
sophisticatedbackpacks:advanced_pump_upgrade,324.020
protection_pixel:falconnest_chestplate,38.390
minecraft:tuff_bricks,0.300
minecraft:acacia_door,0.830
suppsquared:gold_plaque,0.270
minecraft:prismarine_stairs,8.320
somemoreblocks:mossy_sandstone_bricks,1.400
minecraft:mojang_banner_pattern,4250.500
supplementaries:way_sign_bamboo,0.750
born_in_chaos_v1:seedof_chaos,0.000
somemoreblocks:calcite_brick_slab,0.150
somemoreblocks:black_concrete_tiles,0.320
minecraft:fire_charge,4.030
supplementaries:ash_bricks_stairs,4.000
create:industrial_iron_window_pane,0.140
minecraft:white_dye,0.150
betterarcheology:ocelot_fossil,15000.000
somemoreblocks:ice_pillar,9.000
irons_spellbooks:mithril_weave,0.660
better_weaponry:copper_katana,0.960
sophisticatedstorage:controller,185.460
create:mechanical_harvester,6.690
minecraft:nether_star,0.000
minecraft:stone_button,0.300
create_hypertube:redstone_detector_tube_attachment,5.270
somemoreblocks:dripstone_tile_slab,0.040
minecraft:waxed_oxidized_chiseled_copper,18.100
hazennstuff:dreadsteel_knight_helmet,11126.660
create:cardboard_leggings,26.250
better_weaponry:wooden_rapier,2.500
better_weaponry:emerald_sword,100.420
hazennstuff:shadow_upgrade_orb,37912.980
minecraft:tinted_glass,11.570
hazennstuff:wisewood_pressure_plate,1.070
minecraft:lodestone,2.670
hazennstuff:dreadsteel_knight_chestplate,11535.220
hazennstuff:mithril_battlemage_helmet,5680.850
somemoreblocks:brown_stained_tiled_glass,0.300
somemoreblocks:gray_shingles,0.160
irons_spellbooks:inscription_table,2.300
minecraft:purpur_block,15.000
minecraft:netherite_hoe,735.020
gametechbcs_spellbooks:gtbcs_magical_repository,17672.180
somemoreblocks:purple_shingles_stairs,0.160
minecraft:polished_blackstone_slab,0.150
create:crushed_raw_zinc,0.300
minecraft:stone_stairs,0.300
irons_spellbooks:decrepit_scythe,0.000
somemoreblocks:mossy_prismarine_brick_wall,8.420
create:sturdy_sheet,165.800
better_weaponry:netherite_shield,659.160
better_weaponry:emerald_armor_chestplate,400.000
irons_spellbooks:nature_rune,4211.690
exposure:camera,2.750
minecraft:quartz,0.080
somemoreblocks:purple_concrete_tiles,0.320
minecraft:nether_brick_wall,0.320
minecraft:warped_nylium,0.000
minecraft:waxed_copper_door,70.540
protection_pixel:powerengine,8.210
hazennstuff:fireblossom_leggings,2350.950
crystal_chronicles:rogue_chestplate,10722.580
irons_spellbooks:iron_spell_book,1.330
better_weaponry:emerald_shuriken,200.000
somemoreblocks:black_shingles,0.160
create:waxed_copper_shingles,70.140
protection_pixel:brassarmorplate,0.810
supplementaries:daub_cross_brace,16.760
irons_spellbooks:book_stack,3.280
numismatics:sun,0.000
crystal_chronicles:paladin_chestplate,10236.350
sophisticatedbackpacks:upgrade_base,73.580
comforts:rope_and_nail,7.640
born_in_chaos_v1:bone_heart,52.500
somemoreblocks:polished_ice,9.000
create:copper_scaffolding,0.140
protection_pixel:wingsofprism_chestplate,32.660
somemoreblocks:packed_snow_slab,0.500
hazennstuff:mycelium_guardian_leggings,2584.730
born_in_chaos_v1:fel_soil,240.000
hazennstuff:soul_flame_boots,17857.980
create:large_cogwheel,1.720
minecraft:birch_stairs,0.830
born_in_chaos_v1:fried_maggot,10.000
minecraft:frogspawn,15.000
better_weaponry:netherite_chakram,894.600
create:bamboo_window_pane,0.900
irons_spellbooks:blaze_spell_book,32.000
somemoreblocks:mossy_dripstone_brick_stairs,0.280
crystal_chronicles:crustone_bricks,0.300
minecraft:tropical_fish_bucket,100.000
somemoreblocks:green_shingles,0.160
minecraft:stone_sword,1.020
supplementaries:checker_block,0.300
somemoreblocks:snow_tile_slab,0.500
minecraft:mangrove_chest_boat,10.790
minecraft:jungle_hanging_sign,5.110
somemoreblocks:granite_brick_wall,0.300
create:crushed_raw_copper,0.300
better_weaponry:diamond_scythe,320.840
somemoreblocks:polished_basalt_brick_wall,0.500
create:waxed_weathered_copper_tile_slab,70.070
minecraft:jungle_trapdoor,0.830
hazennstuff:cryogenic_ruler_leggings,16343.270
suppsquared:metal_cross_brace,0.120
hazennstuff:permafrost_prince_chestplate,21054.530
born_in_chaos_v1:killer_rabbit_ears_helmet,4000.000
create:extendo_grip,17.670
somemoreblocks:orange_concrete_bricks,0.320
crystal_chronicles:fat_tissue_ball,10.000
minecraft:chiseled_bookshelf,6.240
minecraft:ladder,0.980
better_weaponry:emerald_battleaxe,250.840
minecraft:redstone_torch,0.520
hazennstuff:golden_shower_spellbook,4484.680
suppsquared:item_shelf_dark_oak,0.630
born_in_chaos_v1:damned_demomans_hat_helmet,1600.000
minecraft:target,270.400
somemoreblocks:smooth_granite_slab,0.150
hazennstuff:maverick_leggings,20405.140
born_in_chaos_v1:black_argillitepressureplate,0.250
minecraft:pale_oak_hanging_sign,5.110
born_in_chaos_v1:lord_pumpkinheads_empty_lamp,1050.000
born_in_chaos_v1:dark_stained_glass_panel,0.110
create:netherite_backtank,578.140
hazennstuff:miner_boots,1.900
minecraft:water_bucket,2500.000
sophisticatedstorage:compression_upgrade,14.090
somemoreblocks:magenta_shingles,0.160
minecraft:armor_stand,2.670
crystal_chronicles:mage_helmet,9997.490
somemoreblocks:cracked_snow_bricks,1.000
create:weathered_iron_window_pane,0.140
hazennstuff:mithril_battlemage_boots,5529.170
born_in_chaos_v1:scorched_planks_stairs,5.420
fdbosses:justicestone_bricks_slab,0.120
minecraft:mangrove_slab,0.420
born_in_chaos_v1:stormcallers_horn,1485.000
somemoreblocks:cracked_granite_tiles,0.300
somemoreblocks:blue_concrete_tiles,0.320
hazennstuff:beongae,1623.640
suppsquared:born_in_chaos_v1/item_shelf_scorched,2.700
born_in_chaos_v1:intoxicating_decoction,650.000
hazennstuff:malice,2950.000
supplementaries:ash,1.000
supplementaries:bomb,4.440
crystal_chronicles:neuron_block,80.400
supplementaries:checker_slab,0.150
somemoreblocks:black_terracotta_tiles,0.320
sophisticatedstorage:diamond_chest,651.480
born_in_chaos_v1:orange_stained_glass,0.290
create:crafter_slot_cover,0.090
born_in_chaos_v1:spiny_shell_armor_chestplate,280.000
somemoreblocks:terracotta_bricks,0.320
born_in_chaos_v1:dark_metal_armor_chestplate,22689.180
hazennstuff:magehunter_helmet,1388.400
hazennstuff:infestation_helmet,25828.800
betterarcheology:unidentified_artifact,8550.000
hazennstuff:neru_boots,2.050
protection_pixel:tosaki_leggings,82.080
minecraft:pale_oak_planks,0.830
sophisticatedstorage:super_packing_tape,122.800
hazennstuff:ruptured,4290.540
somemoreblocks:mud_tile_stairs,30.200
fdbosses:eye_of_geburah,42.280
crystal_chronicles:crustone_bricks_wall,0.300
minecraft:resin_brick_wall,240.000
minecraft:tuff_slab,0.150
suppsquared:item_shelf_birch,0.630
create:goggles,15.870
minecraft:warped_stairs,0.830
minecraft:chiseled_resin_bricks,240.000
hazennstuff:infestation_chestplate,26808.840
somemoreblocks:bone_brick_slab,1.350
somemoreblocks:cracked_polished_basalt_bricks,0.500
create:cogwheel,0.890
minecraft:smooth_sandstone_slab,0.600
irons_spellbooks:ender_rune,4301.690
minecraft:rail,0.130
somemoreblocks:oak_mosaic,0.840
somemoreblocks:polished_snow_slab,0.250
irons_spellbooks:boreal_blade,2761.500
minecraft:diamond_sword,160.420
hazennstuff:legionnaire_commander_helmet,1046.040
minecraft:pink_dye,0.160
better_weaponry:stone_shield,5.280
irons_spellbooks:wisewood_chiseled_bookshelf,7.670
create:waxed_oxidized_copper_shingle_stairs,70.140
somemoreblocks:corrupted_polished_blackstone_brick_wall,40.500
somemoreblocks:mossy_sandstone_brick_slab,0.700
better_weaponry:copper_sickle,0.960
minecraft:soul_lantern,0.840
minecraft:resin_clump,60.000
minecraft:crimson_trapdoor,0.830
minecraft:cod_bucket,80.000
better_weaponry:copper_armor_leggings,1.890
create:stockpile_switch,8.460
create:potato_cannon,14.940
create:waxed_weathered_copper_tiles,70.140
minecraft:bamboo_stairs,1.500
minecraft:smooth_basalt,0.300
hazennstuff:mithril_battlemage_leggings,5984.210
somemoreblocks:snow_tile_stairs,1.500
sophisticatedstorage:storage_tool,31.630
hazennstuff:mossy_mud_brick_wall,9.520
better_weaponry:copper_armor_chestplate,2.160
hazennstuff:glowing_mushroom,3.450
somemoreblocks:red_sandstone_bricks,1.200
create:chute,0.200
somemoreblocks:magenta_stained_tiled_glass,0.300
somemoreblocks:chiseled_purpur,15.000
minecraft:crimson_planks,0.830
minecraft:smooth_red_sandstone,1.200
born_in_chaos_v1:black_argillite,0.250
somemoreblocks:polished_blackstone_pillar,0.300
minecraft:ink_sac,12.500
minecraft:waxed_oxidized_copper,72.430
minecraft:flower_banner_pattern,1.000
somemoreblocks:cyan_stained_tiled_glass,0.300
minecraft:phantom_membrane,30.000
minecraft:mangrove_planks,0.830
somemoreblocks:cracked_redstone_bricks,0.900
suppsquared:item_shelf_cherry,0.630
somemoreblocks:smooth_andesite_slab,0.150
better_weaponry:amethyst_claymore,23.260
create:crushing_wheel,4.450
somemoreblocks:light_blue_terracotta_bricks,0.320
somemoreblocks:diorite_bricks,0.300
minecraft:crafter,7.070
irons_spellbooks:wandering_magician_leggings,12.440
hazennstuff:mycelium_guardian_helmet,2281.370
supplementaries:slidy_block,1.620
somemoreblocks:lime_concrete_tiles,0.320
gametechbcs_spellbooks:amulet_of_spectral_shift,110.000
hazennstuff:zenalite_brick_slab,4.760
create:jungle_window_pane,0.520
somemoreblocks:waxed_exposed_cracked_cut_copper,18.110
hazennstuff:pyrium_battlemage_chestplate,1327.050
somemoreblocks:polished_stone_slab,0.150
somemoreblocks:cracked_iron_bricks,2.430
minecraft:wooden_hoe,2.500
numismatics:blaze_banker,231.480
minecraft:quartz_pillar,0.320
createoreexcavation:diamond_drill,1126.210
somemoreblocks:cherry_mosaic_stairs,1.260
born_in_chaos_v1:infernal_evil_pumpkin,151.300
create:copycat_step,0.070
somemoreblocks:cracked_tuff_tiles,0.300
minecraft:rotten_flesh,2.500
hazennstuff:charred_bones,55.000
hazennstuff:magehunter_leggings,1691.760
minecraft:waxed_oxidized_cut_copper_stairs,18.110
irons_spellbooks:mana_ring,80.000
somemoreblocks:nether_bricks_pillar,0.320
protection_pixel:falconnestas_chestplate,2094.970
sophisticatedstorage:gold_to_netherite_tier_upgrade,689.600
minecraft:blue_dye,0.250
better_weaponry:diamond_hammer,480.420
minecraft:wither_rose,50.000
somemoreblocks:soul_sandstone_wall,0.800
somemoreblocks:light_blue_stained_tiled_glass_pane,0.110
better_weaponry:iron_glaive,1.380
minecraft:smooth_quartz,0.320
createoreexcavation:sample_drill,357.890
better_weaponry:amethyst_armor_boots,22.840
somemoreblocks:cracked_diorite_bricks,0.300
somemoreblocks:red_sandstone_brick_slab,0.600
create:mechanical_mixer,7.730
minecraft:wooden_axe,3.330
better_weaponry:amethyst_chakram,23.260
somemoreblocks:red_stained_tiled_glass_pane,0.110
crystal_chronicles:crustone_slab,0.150
minecraft:waxed_oxidized_copper_door,70.540
create:super_glue,60.700
somemoreblocks:cracked_netherite_bricks,441.720
born_in_chaos_v1:fel_lamp,3470.000
supplementaries:lapis_bricks_slab,4.160
protection_pixel:alloyarmorplate,25.140
minecraft:mossy_stone_bricks,0.500
somemoreblocks:smooth_mud,30.200
somemoreblocks:waxed_exposed_copper_bricks,70.610
create:copper_ladder,0.140
minecraft:trapped_chest,7.400
supplementaries:daub_brace,16.760
born_in_chaos_v1:bone_handle,452.500
irons_spellbooks:holy_upgrade_orb,17441.900
hazennstuff:seraph_chestplate,16613.210
create:oak_window_pane,0.520
born_in_chaos_v1:black_argillite_slab,0.120
somemoreblocks:cracked_diorite_tiles,0.300
numismatics:cog,64.000
minecraft:iron_bars,0.100
born_in_chaos_v1:soul_cutlass,4952.500
somemoreblocks:polished_blackstone_tile_stairs,0.300
hazennstuff:lemon,15.000
minecraft:diamond_axe,240.840
supplementaries:blackstone_tile_wall,0.300
somemoreblocks:cracked_cut_gold,2.430
better_weaponry:iron_shield,5.250
hazennstuff:hazel_helmet,17391.990
create:netherite_diving_boots,575.920
exposure_polaroid:instant_color_slide,0.600
minecraft:mace,5055.000
minecraft:totem_of_undying,320.000
somemoreblocks:sandstone_brick_slab,0.600
minecraft:dark_oak_pressure_plate,0.830
irons_spellbooks:magehunter,2580.960
somemoreblocks:andesite_bricks,0.300
waterframes:tv_box,24.840
create:piston_extension_pole,0.250
minecraft:waxed_cut_copper,18.110
minecraft:chiseled_polished_blackstone,0.300
darkdoppelganger:shadow_orb,1020.300
somemoreblocks:smooth_prismarine,8.320
hazennstuff:pyrium_chestplate,1278.710
hazennstuff:frostbite_hunter_leggings,16110.870
somemoreblocks:cracked_tuff_bricks,0.300
betterarcheology:sheep_fossil,15000.000
hazennstuff:garments_of_the_first_flamebearer_boots,26461.060
hazennstuff:hallowed_ingot,334.990
somemoreblocks:light_gray_terracotta_bricks,0.320
create:cinder_flour,0.100
protection_pixel:linkplate_chestplate,4.800
born_in_chaos_v1:elixirof_wither_resistance,650.000
protection_pixel:steambooster,19.880
somemoreblocks:purpur_tile_slab,7.500
minecraft:deepslate_tile_slab,0.150
sophisticatedstorage:limited_barrel_3,5.930
sophisticatedstorage:limited_barrel_4,5.520
sophisticatedstorage:limited_barrel_1,6.750
sophisticatedstorage:limited_barrel_2,6.340
create:cardboard_sword,7.920
somemoreblocks:smooth_prismarine_slab,4.160
somemoreblocks:spruce_mosaic_slab,0.420
somemoreblocks:yellow_shingles,0.160
irons_spellbooks:lightning_rod,83.240
create:dark_oak_window,1.400
hazennstuff:utau_boots,1.980
somemoreblocks:corrupted_polished_blackstone_bricks,40.500
crystal_chronicles:electromancer_leggings,10210.900
create:schematic_and_quill,15.700
minecraft:warped_button,0.830
somemoreblocks:polished_blackstone_tiles,0.300
born_in_chaos_v1:potion_of_rampage,650.000
somemoreblocks:end_stone_tile_wall,0.300
born_in_chaos_v1:dark_ritual_dagger,1502.500
minecraft:glow_berries,5.000
somemoreblocks:cracked_amethyst_bricks,22.840
born_in_chaos_v1:ethereal_spirit,60.000
create_hypertube:hypertube_accelerator,8.900
hazennstuff:crude_metal,11.080
minecraft:torch,0.600
hazennstuff:radiance,62724.270
minecraft:polished_granite_stairs,0.300
somemoreblocks:pink_terracotta_bricks,0.320
somemoreblocks:diorite_brick_wall,0.300
hazennstuff:synthesizer_v_leggings,2.050
somemoreblocks:end_stone_tile_stairs,0.300
better_weaponry:copper_spear,1.110
minecraft:map,4.000
irons_spellbooks:alchemist_cauldron,35.620
supplementaries:stone_tile_slab,0.150
minecraft:detector_rail,0.390
minecraft:ominous_trial_key,170.000
somemoreblocks:lapis_pillar,18.720
create:dough,30.000
supplementaries:daub_frame,16.760
artifacts:eternal_steak,5000.000
irons_spellbooks:holy_rune,4205.610
minecraft:waxed_weathered_copper,72.430
born_in_chaos_v1:black_argillite_column_slab,0.120
somemoreblocks:cracked_ice_tiles,9.000
somemoreblocks:pink_shingles_stairs,0.160
create:mechanical_crafter,3.080
protection_pixel:pioneer_chestplate,35.550
minecraft:waxed_weathered_chiseled_copper,18.100
minecraft:crafting_table,3.320
somemoreblocks:mossy_granite_brick_wall,0.500
hazennstuff:bountiful_harvest,3523.570
minecraft:sandstone_wall,1.200
minecraft:netherite_chestplate,1214.180
sophisticatedstorage:crimson_storage_connector,1.360
protection_pixel:flarerod,30.660
create:copper_door,5.600
better_weaponry:stone_rapier,1.440
sophisticatedstorage:iron_barrel,8.500
hazennstuff:soulcalling_scepter,468.430
protection_pixel:cannonarm,365.490
minecraft:cherry_slab,0.420
supplementaries:jar,2.520
minecraft:anvil,8.370
somemoreblocks:soul_sandstone_tile_wall,0.800
somemoreblocks:corrupted_polished_basalt_brick_slab,20.350
hazennstuff:bounty_hunter_helmet,4968.830
create:waxed_oxidized_copper_shingle_slab,70.070
somemoreblocks:cracked_cut_lapis,18.720
suppsquared:daub_stairs,22.620
supplementaries:lock_block,4.500
somemoreblocks:brown_terracotta_bricks,0.320
somemoreblocks:white_terracotta_tiles,0.320
somemoreblocks:bone_tile_wall,2.700
somemoreblocks:soul_sandstone_brick_wall,0.800
sophisticatedstorage:stack_upgrade_tier_1,45.230
create:spout,4.870
born_in_chaos_v1:pumpkinhandgun,700.000
hazennstuff:the_wither_boots,17049.730
somemoreblocks:cherry_mosaic,0.840
somemoreblocks:corrupted_polished_basalt_bricks,40.700
somemoreblocks:polished_basalt_brick_stairs,0.500
sereneseasons:season_sensor,6.690
crystal_chronicles:polished_crustone_slab,0.150
somemoreblocks:pink_stained_tiled_glass_pane,0.110
minecraft:waxed_oxidized_copper_grate,18.110
minecraft:carrot_on_a_stick,38.760
create:controller_rail,0.530
somemoreblocks:mossy_calcite_brick_slab,0.250
minecraft:brick_wall,0.320
fdbosses:eye_of_chesed,50.000
supplementaries:cage,2.270
hazennstuff:shadestone,280.000
hazennstuff:herta_puppet_leggings,9720.820
minecraft:raw_iron_block,315.000
minecraft:dark_oak_planks,0.830
minecraft:oak_button,0.830
crystal_chronicles:cracked_crustone_bricks_wall,0.300
minecraft:granite_wall,0.300
minecraft:dark_oak_hanging_sign,5.110
sophisticatedstorage:acacia_storage_connector,1.360
supplementaries:lumisene_bottle,10.050
sophisticatedstorage:chest,7.160
somemoreblocks:granite_bricks,0.300
somemoreblocks:red_stained_tiled_glass,0.300
minecraft:enchanted_book,8550.000
better_weaponry:iron_rapier,1.380
minecraft:pale_oak_fence,0.830
minecraft:diamond_helmet,400.000
minecraft:warped_fence,0.830
somemoreblocks:polished_snow_stairs,0.750
supplementaries:confetti_popper,1.020
minecraft:waxed_exposed_cut_copper,18.110
minecraft:dark_oak_fence_gate,0.830
minecraft:compass,1.180
tiab:time_in_a_bottle,22055.900
better_weaponry:golden_shuriken,1.080
supplementaries:cannon_boat_dark_oak,56.450
hazennstuff:neru_leggings,2.050
minecraft:item_frame,3.500
irons_spellbooks:chronicle,93.860
protection_pixel:tosaki_chestplate,107.950
minecraft:loom,31.660
protection_pixel:lanceras_helmet,1032.910
somemoreblocks:green_checkered_tiles,0.320
better_weaponry:iron_dagger,0.690
somemoreblocks:short_snow_grass,0.750
somemoreblocks:bone_brick_stairs,2.700
minecraft:arrow,3.930
create:desk_bell,5.100
irons_spellbooks:cast_time_ring,56.670
irons_spellbooks:cursed_doll_spell_book,356.950
hazennstuff:frostbite_birch_stairs,0.830
hazennstuff:advanced,78072.350
somemoreblocks:cracked_polished_blackstone_tiles,0.300
create:gearshift,5.820
better_weaponry:emerald_dagger,50.420
create:weighted_ejector,6.320
vista:viewfinder,10.090
born_in_chaos_v1:nightmare_stalker_skull,600.000
supplementaries:flax_block,135.000
sophisticatedbackpacks:everlasting_upgrade,421.980
hazennstuff:fireblossom_rapier,2593.000
minecraft:red_sandstone_stairs,1.200
better_weaponry:amethyst_shield,10.690
betterarcheology:rotten_door,0.830
somemoreblocks:dark_oak_mosaic,0.840
supplementaries:quiver,110.000
fdbosses:geburah_explosive_crystal,1000.000
minecraft:polished_blackstone,0.300
somemoreblocks:smooth_dripstone,0.080
somemoreblocks:polished_prismarine_slab,4.160
suppsquared:betterarcheology/item_shelf_rotten,0.630
hazennstuff:pyrium_leggings,1198.710
create:cardboard_chestplate,30.000
minecraft:bamboo_mosaic_slab,0.750
born_in_chaos_v1:spiritual_dust,10.150
exposure_polaroid:instant_camera,9.630
somemoreblocks:pearlescent_redstone_froglight,45.400
somemoreblocks:granite_tile_stairs,0.300
hazennstuff:wisewood_trapdoor,1.070
minecraft:stone_axe,1.740
create:mechanical_roller,10.430
minecraft:jungle_button,0.830
hazennstuff:pyrium_battlemage_boots,720.330
better_weaponry:copper_shovel,1.110
somemoreblocks:mossy_red_sandstone_brick_wall,1.400
crystal_chronicles:neuron,10.000
sophisticatedstorage:hopper_upgrade,14.060
sophisticatedstorage:jungle_storage_connector,1.360
better_weaponry:stone_broadsword,2.220
sophisticatedstorage:netherite_barrel,699.740
better_weaponry:netherite_spear,655.020
minecraft:spruce_trapdoor,0.830
minecraft:spider_eye,15.000
betterarcheology:creeper_fossil,15000.000
minecraft:respawn_anchor,91.200
minecraft:deepslate_brick_slab,0.150
somemoreblocks:cracked_mud_tiles,30.200
somemoreblocks:mossy_deepslate_brick_slab,0.250
sophisticatedstorage:shulker_box,77.160
hazennstuff:creaking_boots,15237.230
minecraft:dark_prismarine_stairs,17.640
create:cart_assembler,10.760
better_weaponry:wooden_shield,5.810
hazennstuff:garments_of_the_first_flamebearer_soul_boots,26475.320
minecraft:snow_block,1.000
protection_pixel:linkplate_boots,2.280
born_in_chaos_v1:transmuting_elixir,1670.000
better_weaponry:amethyst_glaive,12.260
supplementaries:crystal_display,9.020
minecraft:sandstone_stairs,1.200
minecraft:composter,2.940
minecraft:jukebox,86.640
somemoreblocks:polished_calcite,0.300
somemoreblocks:lime_stained_tiled_glass,0.300
minecraft:acacia_sign,0.830
minecraft:chest_minecart,7.990
hazennstuff:blazeborne_helmet,15921.410
somemoreblocks:deepslate_pillar,0.300
protection_pixel:linkplate_leggings,4.140
better_weaponry:amethyst_cutlass,13.100
create:waxed_copper_tiles,70.140
minecraft:prismarine_slab,4.160
minecraft:obsidian,160.800
minecraft:fermented_spider_eye,15.750
fdbosses:malkuth_fist,3200.000
born_in_chaos_v1:black_argillite_stairs,0.250
better_weaponry:netherite_rapier,735.020
somemoreblocks:spruce_mosaic_stairs,1.260
born_in_chaos_v1:armor_plate_from_dark_metal,18100.000
create:red_sand_paper,0.800
minecraft:cobbled_deepslate_slab,0.150
crystal_chronicles:lightning_bident,1878.120
somemoreblocks:waxed_oxidized_copper_bricks,70.610
minecraft:iron_door,0.540
born_in_chaos_v1:wood_splitter_axe,60.000
minecraft:crimson_door,0.830
born_in_chaos_v1:shell_mace,1010.000
irons_spellbooks:amethyst_rapier,6.040
hazennstuff:infestation_boots,25414.620
irons_spellbooks:hither_thither_wand,2535.740
suppsquared:copper_plaque,0.270
minecraft:end_stone_bricks,0.300
somemoreblocks:terracotta_tiles,0.320
hazennstuff:volt_core,200.400
minecraft:tuff_brick_stairs,0.300
somemoreblocks:netherite_grate,441.720
irons_spellbooks:chained_book,1.970
hazennstuff:blazeborne_boots,15507.230
born_in_chaos_v1:monster_skin,25.000
betterarcheology:rotten_trapdoor,0.830
somemoreblocks:cracked_cut_amethyst,22.840
minecraft:smooth_quartz_stairs,0.320
sereneseasons:calendar,5.180
create:metal_girder,0.220
suppsquared:hazennstuff/item_shelf_wisewood,0.810
better_weaponry:stone_chakram,1.620
somemoreblocks:soul_sandstone_bricks,0.800
somemoreblocks:orange_shingles,0.160
hazennstuff:creaking_chestplate,16631.450
protection_pixel:magneticstorm_chestplate,55.170
somemoreblocks:pink_concrete_bricks,0.320
hazennstuff:shadow_scale_chestplate,12265.900
irons_spellbooks:arcane_rune,4273.370
supplementaries:jar_boat,6.670
hazennstuff:synthesizer_v_helmet,2.050
minecraft:lime_dye,0.200
somemoreblocks:purple_checkered_tiles,0.320
better_weaponry:iron_spear,1.110
minecraft:oak_planks,0.830
somemoreblocks:cracked_emerald_bricks,450.000
somemoreblocks:orange_shingles_stairs,0.160
sophisticatedbackpacks:advanced_restock_upgrade,196.060
hazennstuff:dark_ritual_templar_leggings,1461.480
irons_spellbooks:music_disc_flame_still_burns,540.000
minecraft:warped_sign,0.830
somemoreblocks:cracked_calcite_bricks,0.300
hazennstuff:slc_cat_leggings,20416.100
minecraft:soul_soil,0.200
protection_pixel:emptywatertank,0.650
minecraft:mangrove_door,0.830
betterarcheology:evoker_trap,125.000
minecraft:stone_brick_wall,0.300
create:chain_conveyor,10.520
minecraft:bamboo_sign,1.500
minecraft:shroomlight,5.000
sophisticatedstorage:decoration_table,23.550
hazennstuff:energized_core_spellbook,5390.490
minecraft:cyan_dye,0.250
somemoreblocks:chiseled_mud_bricks,30.200
somemoreblocks:gray_concrete_tiles,0.320
sophisticatedbackpacks:netherite_backpack,1335.140
sophisticatedstorage:iron_chest,9.320
hazennstuff:synthesizer_v_chestplate,2.050
hazennstuff:deus_essence,900.000
minecraft:spruce_boat,4.150
somemoreblocks:andesite_tile_wall,0.300
somemoreblocks:mossy_red_sandstone_bricks,1.400
better_weaponry:emerald_rapier,100.840
better_weaponry:netherite_dagger,654.600
minecraft:paper,0.500
hazennstuff:soul_flame_chestplate,19252.200
somemoreblocks:birch_mosaic,0.840
supplementaries:wicker_fence,2.680
born_in_chaos_v1:staff_of_magic_arrows,477.500
irons_spellbooks:weapon_parts,275.850
somemoreblocks:red_terracotta_tiles,0.320
suppsquared:item_shelf_spruce,0.630
minecraft:cherry_fence_gate,0.830
fdbosses:chiseled_justicestone_bricks,0.250
somemoreblocks:polished_end_stone_stairs,0.300
minecraft:cut_red_sandstone_slab,0.600
hazennstuff:flesh_mass_boots,15867.230
hazennstuff:spider_fang,25.000
somemoreblocks:mossy_dripstone_bricks,0.280
better_weaponry:amethyst_rapier,12.260
minecraft:dark_oak_button,0.830
born_in_chaos_v1:sweet_axe,86.720
protection_pixel:pneumaticgrenade,0.890
crystal_chronicles:electromancer_boots,9755.860
exposure:camera_stand,2.250
hazennstuff:reinforced,60353.830
hazennstuff:mycelium_guardian_boots,2129.690
create:adjustable_chain_gearshift,6.070
create:ornate_iron_window_pane,0.080
supplementaries:sconce_lever,0.790
somemoreblocks:magenta_terracotta_bricks,0.320
minecraft:raw_iron,35.000
hazennstuff:mage_bane,4067.880
born_in_chaos_v1:pumpkin_bullet,0.490
create:track_station,85.880
minecraft:cracked_deepslate_tiles,0.300
supplementaries:deepslate_lamp,3.000
suppsquared:metal_brace,0.120
minecraft:cooked_rabbit,20.000
supplementaries:ash_bricks,4.000
hazennstuff:prismatic_shard,6.400
minecraft:nether_wart_block,45.000
minecraft:bamboo_fence_gate,1.500
create:hand_crank,2.820
hazennstuff:bounty_hunter_leggings,5272.190
crystal_chronicles:crustone_bricks_stairs,0.300
irons_spellbooks:pumpkin_chestplate,625.140
minecraft:mangrove_fence_gate,0.830
protection_pixel:hammer_helmet,5.280
supplementaries:notice_board,7.140
create:peculiar_bell,2.700
born_in_chaos_v1:phantom_bomb,630.000
better_weaponry:wooden_shuriken,3.320
somemoreblocks:cracked_cut_netherite,441.720
somemoreblocks:cracked_end_stone_tiles,0.300
hazennstuff:cryogenic_ruler_chestplate,16757.450
sophisticatedstorage:upgrade_base,5.230
somemoreblocks:cracked_cut_quartz,0.320
somemoreblocks:magenta_checkered_tiles,0.320
numismatics:vendor,6.220
minecraft:dark_oak_door,0.830
crystal_chronicles:paladin_sword,1223.800
minecraft:writable_book,29.140
minecraft:golden_apple,12.160
minecraft:diamond_pickaxe,240.840
minecraft:flower_pot,0.240
born_in_chaos_v1:spiritual_sword,1252.500
hazennstuff:iron431_leggings,2676.750
somemoreblocks:polished_basalt_brick_slab,0.250
somemoreblocks:smooth_end_stone_slab,0.150
irons_spellbooks:keeper_flamberge,800.000
better_weaponry:netherite_broadsword,1054.600
somemoreblocks:smooth_tuff,0.300
supplementaries:flute,1.500
betterarcheology:cracked_mud_bricks,30.200
better_weaponry:netherite_glaive,735.020
somemoreblocks:light_gray_terracotta_tiles,0.320
born_in_chaos_v1:frostbitten_blade,4352.500
somemoreblocks:soul_sandstone_tile_stairs,0.800
create:wooden_bracket,0.810
irons_spellbooks:artificer_cane,6.810
protection_pixel:steamectoskeleton,13.330
minecraft:polished_blackstone_wall,0.300
hazennstuff:pyrium_battlemage_leggings,1175.370
hazennstuff:frostbite_birch_button,0.830
suppsquared:brass_lantern,5.270
create:crafting_blueprint,66.680
born_in_chaos_v1:nightmare_claw,250.000
create:pulse_timer,7.400
born_in_chaos_v1:scorched_planks_fence,3.820
minecraft:breeze_rod,55.000
create:warped_window_pane,0.520
somemoreblocks:gray_checkered_tiles,0.320
supplementaries:statue,0.470
hazennstuff:utau_helmet,1.980
create:turntable,0.480
minecraft:polished_granite_slab,0.150
betterarcheology:rotten_planks,0.830
crystal_chronicles:crustone_stairs,0.300
born_in_chaos_v1:transformative_flower,1200.000
born_in_chaos_v1:eternal_candy,1770.420
better_weaponry:golden_broadsword,2.040
minecraft:wooden_pickaxe,3.330
minecraft:cherry_planks,0.830
fdbosses:polished_justicestone_slab,0.120
supplementaries:clock_block,7.820
hazennstuff:garments_of_the_first_flamebearer_soul_helmet,26889.500
minecraft:goat_horn,45.000
suppsquared:metal_frame,0.120
minecraft:oak_stairs,0.830
irons_spellbooks:dragonskin,23889.500
somemoreblocks:mossy_brick_stairs,0.520
irons_spellbooks:ice_rune,4253.690
somemoreblocks:oak_mosaic_stairs,1.260
minecraft:polished_blackstone_brick_stairs,0.300
somemoreblocks:orange_concrete_tiles,0.320
supplementaries:pancake,2500.080
irons_spellbooks:protection_upgrade_orb,17786.220
somemoreblocks:acacia_mosaic_slab,0.420
somemoreblocks:mossy_mud_brick_wall,30.400
supplementaries:way_sign_birch,0.420
create:powered_latch,2.340
minecraft:end_stone_brick_stairs,0.300
born_in_chaos_v1:black_argillite_brick_slab,0.120
hazennstuff:dark_ritual_templar_boots,1461.480
somemoreblocks:mossy_diorite_brick_slab,0.250
born_in_chaos_v1:missionary_hat_helmet,450.000
somemoreblocks:smooth_soul_sandstone,0.800
betterarcheology:wolf_fossil,15000.000
born_in_chaos_v1:flaming_evil_pumpkin,91.300
create:brass_tunnel,0.940
supplementaries:dragon_banner_pattern,2250.500
born_in_chaos_v1:dark_atrium,552.500
create:copycat_panel,0.070
born_in_chaos_v1:trident_hayfork,60.000
createoreexcavation:drill,6.210
minecraft:sculk_sensor,10.000
exposure:developed_black_and_white_film,625.000
minecraft:granite_stairs,0.300
hazennstuff:shadow_scale_boots,10539.180
better_weaponry:amethyst_shuriken,22.840
exposure:developed_color_film,0.000
supplementaries:fine_wood_stairs,18.750
minecraft:elytra,1600.000
born_in_chaos_v1:cobweb_cover,13.000
somemoreblocks:purple_stained_tiled_glass,0.300
suppsquared:item_shelf_warped,0.630
minecraft:mangrove_fence,0.830
crystal_chronicles:mage_boots,9845.810
crystal_chronicles:polished_crustone_stairs,0.300
create:warped_window,1.400
protection_pixel:plagueas_helmet,1034.630
chimes:bamboo_chimes,15.920
somemoreblocks:soul_sandstone,0.800
betterarcheology:chicken_fossil,15000.000
crystal_chronicles:bronchus_trapdoor,3.750
minecraft:tuff_stairs,0.300
somemoreblocks:mossy_sandstone_brick_wall,1.400
create:andesite_ladder,0.160
supplementaries:urn,15.000
somemoreblocks:jungle_mosaic,0.840
irons_spellbooks:netherite_spell_book,340.760
somemoreblocks:spruce_mosaic,0.840
somemoreblocks:mud_tiles,30.200
born_in_chaos_v1:death_totem,95.000
minecraft:prismarine_bricks,8.320
minecraft:stone_bricks,0.300
somemoreblocks:white_concrete_bricks,0.320
minecraft:spruce_chest_boat,10.790
suppsquared:item_shelf_mangrove,0.630
somemoreblocks:andesite_brick_stairs,0.300
crystal_chronicles:evocation_twinblade,740.420
genshinstrument:windsong_lyre,33.320
minecraft:acacia_fence,0.830
better_weaponry:emerald_glaive,100.840
somemoreblocks:dark_oak_mosaic_slab,0.420
hazennstuff:thunder_prowler_chestplate,16781.450
crystal_chronicles:staff,636.550
minecraft:glistering_melon_slice,7.740
minecraft:warped_door,0.830
hazennstuff:soul_flame_helmet,18272.160
betterarcheology:guardian_fossil,15000.000
hazennstuff:garments_of_the_first_flamebearer_soul_chestplate,27869.540
minecraft:snow,0.500
minecraft:player_head,500.000
minecraft:acacia_fence_gate,0.830
somemoreblocks:mossy_red_sandstone_brick_stairs,1.400
irons_spellbooks:silver_ring,16.670
crystal_chronicles:floralite_shard,613.210
somemoreblocks:snow_bricks,1.000
irons_spellbooks:gold_spell_book,35.420
numismatics:sprocket,8.000
better_weaponry:amethyst_sickle,11.840
create:track_observer,85.560
hazennstuff:calamitas_boots,32844.900
create:industrial_iron_window,0.360
betterarcheology:cracked_mud_brick_stairs,30.200
hazennstuff:frostbite_knight_helmet,13936.180
minecraft:lectern,11.580
fdbosses:justicestone_bricks,0.250
crystal_chronicles:chiseled_crustone,0.300
better_weaponry:emerald_katana,100.420
minecraft:polished_tuff_wall,0.300
born_in_chaos_v1:spiny_shell,35.000
somemoreblocks:stone_tiles,0.300
hazennstuff:herta_puppet_chestplate,9872.500
minecraft:smooth_stone_slab,0.150
suppsquared:daub_slab,7.540
irons_spellbooks:visibility_ring,22.920
create:crimson_window,1.400
create:depot,5.160
create:display_link,6.490
supplementaries:way_sign_acacia,0.420
create:wand_of_symmetry,59.640
hazennstuff:frostbite_hunter_chestplate,16525.050
minecraft:wet_sponge,20.000
somemoreblocks:end_stone_tiles,0.300
crystal_chronicles:blood_scythe,1998.120
minecraft:cherry_boat,4.150
somemoreblocks:gray_stained_tiled_glass_pane,0.110
minecraft:chainmail_helmet,15.000
minecraft:light_blue_dye,0.200
better_weaponry:emerald_armor_helmet,250.000
suppsquared:item_shelf_crimson,0.630
crystal_chronicles:eye_block,120.000
hazennstuff:dreadsteel_ingot,84.280
hazennstuff:abberant_predator_leggings,31057.010
irons_spellbooks:ice_spell_book,3054.180
somemoreblocks:polished_purpur_slab,7.500
born_in_chaos_v1:green_stained_glass,0.290
somemoreblocks:prismarine_tile_wall,8.320
protection_pixel:steelcorecannonshell,0.900
somemoreblocks:verdant_redstone_froglight,45.400
hazennstuff:shadow_scale,60.000
minecraft:barrel,5.820
somemoreblocks:cracked_bone_tiles,2.700
better_weaponry:diamond_shield,84.980
somemoreblocks:corrupted_polished_blackstone_brick_slab,20.250
supplementaries:way_sign_warped,0.420
minecraft:jungle_chest_boat,10.790
hazennstuff:miner_chestplate,3.790
somemoreblocks:red_sandstone_tile_stairs,1.200
somemoreblocks:cracked_prismarine_bricks,8.320
somemoreblocks:lime_stained_tiled_glass_pane,0.110
protection_pixel:hookcannon,39.730
hazennstuff:ender_dragon_chestplate,16901.450
minecraft:end_stone_brick_slab,0.150
hazennstuff:seraph_leggings,16199.030
minecraft:smithing_table,3.860
minecraft:pale_oak_pressure_plate,0.830
hazennstuff:storm_weave,161.060
born_in_chaos_v1:elixir_of_vampirism,650.000
supplementaries:lapis_bricks,8.320
somemoreblocks:polished_basalt_tiles,0.500
hazennstuff:wisewood_fence_gate,1.070
exposure_polaroid:instant_black_and_white_slide,1.030
minecraft:cauldron,1.890
protection_pixel:slingshot_leggings,31.180
somemoreblocks:brown_shingles,0.160
better_weaponry:copper_claymore,1.500
minecraft:diamond_shovel,80.840
irons_spellbooks:wayward_compass,47.760
minecraft:andesite_wall,0.300
irons_spellbooks:cooldown_upgrade_orb,17826.220
hazennstuff:abomination,115930.560
hazennstuff:slc_cat_boots,19436.060
somemoreblocks:brown_concrete_tiles,0.320
create:rose_quartz_lamp,1.250
supplementaries:way_sign_crimson,0.420
minecraft:cobblestone_slab,0.150
sophisticatedbackpacks:refill_upgrade,110.960
supplementaries:faucet,1.500
irons_spellbooks:lesser_spell_slot_upgrade,530.040
create:train_door,171.400
hazennstuff:seraph_helmet,15633.170
minecraft:popped_chorus_fruit,15.000
born_in_chaos_v1:nightmare_mantleofthe_night_chestplate,7350.000
minecraft:minecart,1.350
hazennstuff:lemon_god_leggings,3591.480
somemoreblocks:andesite_tile_stairs,0.300
somemoreblocks:chiseled_end_stone_bricks,0.300
minecraft:chest,6.640
minecraft:trident,360.000
create:deployer,7.390
somemoreblocks:ice_brick_slab,4.500
hazennstuff:radiance_rune,4209.290
irons_spellbooks:upgrade_orb,619.460
minecraft:creeper_banner_pattern,750.500
somemoreblocks:mossy_mud_bricks,30.400
born_in_chaos_v1:corpse_maggot,10.000
irons_spellbooks:copper_spell_book,1.000
supplementaries:planter,1.060
better_weaponry:diamond_shuriken,320.000
hazennstuff:shattered,4216.700
born_in_chaos_v1:creepy_cookies_with_milk,3782.550
stonkstimecore:stonks_temporal_chronoscope,31317.720
hazennstuff:garments_of_the_first_flamebearer_helmet,26875.240
create:display_board,0.900
genshinstrument:glorious_drum,33.460
createoreexcavation:vein_finder,71.550
irons_spellbooks:speed_boots,7215.000
minecraft:warped_trapdoor,0.830
minecraft:resin_brick_slab,120.000
born_in_chaos_v1:dark_metal_armor_helmet,22449.180
supplementaries:way_sign_mangrove,0.420
crystal_chronicles:crustone_bricks_slab,0.150
somemoreblocks:orange_terracotta_bricks,0.320
minecraft:diamond_chestplate,640.000
better_weaponry:diamond_spear,80.840
hazennstuff:war_flaming_lance,1569.530
create:waxed_exposed_copper_tiles,70.140
create:sticker,31.560
minecraft:birch_sign,0.830
somemoreblocks:sandstone_bricks,1.200
somemoreblocks:snow_brick_stairs,1.500
create:waxed_copper_tile_stairs,70.140
born_in_chaos_v1:bottle_of_magical_energy,650.000
irons_spellbooks:cooldown_ring,16.670
supplementaries:hourglass,2.040
better_weaponry:diamond_katana,160.420
sophisticatedstorage:dark_oak_storage_connector,1.360
irons_spellbooks:ruined_book,6870.000
hazennstuff:draconic_splitter,1594.530
minecraft:heavy_core,5000.000
somemoreblocks:smooth_purpur_slab,7.500
born_in_chaos_v1:lifestealer_skull,600.000
minecraft:armadillo_scute,25.000
somemoreblocks:stone_tile_slab,0.150
better_weaponry:netherite_katana,734.600
hazennstuff:frostbite_knight_chestplate,14869.740
irons_spellbooks:druidic_spell_book,7506.210
supplementaries:cannon_boat_birch,56.450
better_weaponry:copper_sword,0.960
minecraft:wolf_armor,150.000
create:haunted_bell,2.700
minecraft:spruce_stairs,0.830
better_weaponry:iron_shuriken,1.080
minecraft:jungle_sign,0.830
protection_pixel:nightdemonas_helmet,1033.060
create:gantry_shaft,0.100
better_weaponry:golden_katana,0.960
supplementaries:bomb_blue,240.000
sophisticatedstorage:limited_gold_barrel_1,11.070
sophisticatedstorage:limited_gold_barrel_2,10.660
sophisticatedstorage:limited_gold_barrel_3,10.250
sophisticatedstorage:limited_gold_barrel_4,9.840
protection_pixel:heatresistantceramicsheet,0.590
sophisticatedbackpacks:deposit_upgrade,85.020
minecraft:tnt_minecart,3.050
somemoreblocks:tiled_glass_pane,0.110
somemoreblocks:andesite_brick_slab,0.150
minecraft:acacia_planks,0.830
better_weaponry:emerald_shovel,50.840
chimes:glass_bells,15.550
sophisticatedbackpacks:advanced_tool_swapper_upgrade,165.570
betterarcheology:rotten_slab,0.420
minecraft:cherry_button,0.830
hazennstuff:melee_upgrade_orb,36632.980
minecraft:mud_bricks,30.200
somemoreblocks:waxed_weathered_cracked_cut_copper,18.110
irons_spellbooks:twilight_gale,20.080
minecraft:soul_sand,0.300
protection_pixel:wingsofprismas_chestplate,2089.240
somemoreblocks:polished_mud_slab,15.100
create:brass_sheet,0.270
create:analog_lever,5.250
create:honeyed_apple,7510.000
minecraft:note_block,6.740
minecraft:bamboo,0.500
somemoreblocks:polished_purpur_stairs,15.000
protection_pixel:breakeras_chestplate,2098.950
hazennstuff:flesh_mass_chestplate,17261.450
irons_spellbooks:evocation_upgrade_orb,18146.220
minecraft:waxed_exposed_copper_grate,18.110
better_weaponry:netherite_claymore,894.600
minecraft:waxed_chiseled_copper,18.100
protection_pixel:tacticaloxygensupplydevice,42.370
sophisticatedstorage:basic_to_gold_tier_upgrade,4.840
somemoreblocks:white_shingles_stairs,0.160
minecraft:smooth_sandstone,1.200
minecraft:end_crystal,87.100
suppsquared:iron_plaque,0.270
irons_spellbooks:invisibility_ring,4530.000
minecraft:rabbit_hide,30.000
better_weaponry:amethyst_katana,11.840
supplementaries:cannon_boat_bamboo,59.800
better_weaponry:golden_spear,1.110
create:mechanical_press,7.320
minecraft:diorite_wall,0.300
minecraft:pale_oak_trapdoor,0.830
create:birch_window_pane,0.520
minecraft:spruce_planks,0.830
create:track,0.210
hazennstuff:blade_of_the_legate,1300.000
hazennstuff:chlorophyte_mask,13848.000
create:waxed_exposed_copper_shingle_slab,70.070
minecraft:polished_blackstone_bricks,0.300
minecraft:waxed_weathered_copper_grate,18.110
minecraft:cracked_stone_bricks,0.300
hazennstuff:legionnaire_warlock_axe,1700.000
create:smart_chute,1.620
somemoreblocks:blue_stained_tiled_glass,0.300
better_weaponry:diamond_chakram,320.420
somemoreblocks:cracked_ice_bricks,9.000
somemoreblocks:jungle_mosaic_slab,0.420
supplementaries:rope,15.000
minecraft:lantern,0.840
irons_spellbooks:blood_staff,2600.000
sophisticatedstorage:iron_to_diamond_tier_upgrade,642.680
minecraft:ender_chest,1326.400
irons_spellbooks:firefly_jar,0.890
somemoreblocks:mossy_andesite_brick_wall,0.500
born_in_chaos_v1:pile_of_skulls,100.000
somemoreblocks:cracked_stone_tiles,0.300
minecraft:iron_trapdoor,1.080
minecraft:deepslate_brick_wall,0.300
somemoreblocks:polished_ice_slab,4.500
somemoreblocks:polished_basalt_tile_wall,0.500
born_in_chaos_v1:fused_bone,15.000
better_weaponry:iron_scythe,1.920
better_weaponry:emerald_sickle,100.420
minecraft:crimson_nylium,0.500
minecraft:acacia_pressure_plate,0.830
hazennstuff:arbitrium_wings,2565.780
somemoreblocks:orange_checkered_tiles,0.320
somemoreblocks:cracked_granite_bricks,0.300
supplementaries:cannonball,1.520
minecraft:wither_skeleton_skull,1050.000
protection_pixel:tosaki_helmet,56.830
somemoreblocks:tiled_glass,0.300
create:waxed_exposed_copper_shingle_stairs,70.140
minecraft:cherry_chest_boat,10.790
sophisticatedstorage:iron_to_netherite_tier_upgrade,691.760
minecraft:firework_rocket,0.200
somemoreblocks:pink_terracotta_tiles,0.320
crystal_chronicles:toxic_boots,9643.310
crystal_chronicles:bronchus_slab,0.620
somemoreblocks:shingles,0.160
somemoreblocks:yellow_stained_tiled_glass,0.300
create:radial_chassis,5.220
somemoreblocks:red_sandstone_tile_slab,0.600
hazennstuff:wisewood_slab,0.540
stonkstimecore:time_gear,21600.000
somemoreblocks:mangrove_mosaic_slab,0.420
suppsquared:item_shelf_acacia,0.630
better_weaponry:copper_sai,1.800
irons_spellbooks:dragonskin_spell_book,47809.000
somemoreblocks:light_gray_shingles,0.160
irons_spellbooks:energized_core,82.430
minecraft:kelp,0.100
born_in_chaos_v1:purple_stained_glass_panel,0.110
somemoreblocks:large_snow_fern,0.750
create:tree_fertilizer,1.900
somemoreblocks:red_sandstone_pillar,1.200
hazennstuff:divine_lemon,915.000
minecraft:redstone_lamp,0.800
somemoreblocks:polished_prismarine,8.320
numismatics:spur,1.000
irons_spellbooks:netherite_mage_boots,655.800
minecraft:end_rod,11.250
hazennstuff:muramasa,1400.000
somemoreblocks:bone_tile_slab,1.350
somemoreblocks:diorite_brick_slab,0.150
create:empty_schematic,0.700
minecraft:acacia_boat,4.150
create:redstone_contact,0.940
better_weaponry:netherite_sickle,734.600
better_weaponry:wooden_katana,2.080
hazennstuff:soul_flame_leggings,18838.020
hazennstuff:soul_legionnaire_ruler_leggings,1220.300
better_weaponry:copper_rapier,1.380
create:steam_engine,3.030
hazennstuff:miner_helmet,86.630
somemoreblocks:mossy_end_stone_brick_wall,0.500
minecraft:ghast_tear,45.000
born_in_chaos_v1:magical_holiday_candy,45.000
born_in_chaos_v1:orbofthe_summoner,3200.000
hazennstuff:volcano,8969.230
better_weaponry:amethyst_armor_leggings,39.970
minecraft:crimson_sign,0.830
born_in_chaos_v1:lifestealer_bone,250.000
waterframes:tv,17.970
born_in_chaos_v1:spiritual_guide_sombrero_helmet,90.000
minecraft:painting,63.360
minecraft:stone_brick_slab,0.150
crystal_chronicles:hemalite_shard,665.760
minecraft:polished_blackstone_pressure_plate,0.600
somemoreblocks:pink_concrete_tiles,0.320
numismatics:bevel,16.000
hazennstuff:neru_chestplate,2.050
somemoreblocks:smooth_soul_sandstone_slab,0.400
better_weaponry:wooden_spear,1.670
exposure:photograph,1.500
hazennstuff:vampire_knives,10251.000
minecraft:pale_oak_fence_gate,0.830
minecraft:feather,15.000
minecraft:resin_bricks,240.000
somemoreblocks:redstone_pillar,0.900
better_weaponry:amethyst_battleaxe,29.390
somemoreblocks:orange_stained_tiled_glass_pane,0.110
better_weaponry:emerald_sai,101.260
minecraft:oak_trapdoor,0.830
numismatics:andesite_depositor,5.100
betterarcheology:cracked_mud_brick_slab,15.100
hazennstuff:crystal_arachnid_chestplate,26377.500
somemoreblocks:mangrove_mosaic_stairs,1.260
create:crimson_window_pane,0.520
chimes:iron_chimes,1.020
protection_pixel:anchorpoint_leggings,31.100
minecraft:birch_button,0.830
somemoreblocks:orange_terracotta_tiles,0.320
create:millstone,6.020
hazennstuff:permafrost_prince_boots,19660.310
create:cherry_window_pane,0.520
somemoreblocks:white_stained_tiled_glass_pane,0.110
minecraft:netherite_sword,734.600
create:cardboard_helmet,18.750
darkdoppelganger:summons_necklace,7500.000
betterarcheology:iron_brush,15.690
born_in_chaos_v1:dark_stained_glass,0.290
minecraft:sweet_berries,5.000
somemoreblocks:polished_dripstone_slab,0.040
supplementaries:goblet,0.420
minecraft:raw_copper_block,54.000
better_weaponry:wooden_chakram,3.740
minecraft:heart_of_the_sea,2400.000
better_weaponry:copper_axe,1.650
minecraft:warped_wart_block,0.500
better_weaponry:netherite_battleaxe,975.020
hazennstuff:abberant_predator_helmet,30491.150
numismatics:brass_depositor,171.720
better_weaponry:golden_shield,5.250
somemoreblocks:cracked_purpur_tiles,15.000
somemoreblocks:white_terracotta_bricks,0.320
born_in_chaos_v1:spiny_shell_armor_helmet,175.000
somemoreblocks:smooth_deepslate,0.300
minecraft:quartz_block,0.320
minecraft:brick,0.080
create:gantry_carriage,6.140
hazennstuff:maverick_chestplate,20819.320
better_weaponry:emerald_cutlass,101.680
somemoreblocks:mossy_deepslate_brick_stairs,0.500
crystal_chronicles:pyromancer_boots,9845.810
create:schematicannon,63.920
sophisticatedstorage:limited_iron_barrel_4,7.680
sophisticatedstorage:limited_iron_barrel_3,8.090
sophisticatedstorage:limited_iron_barrel_2,8.500
sophisticatedstorage:limited_iron_barrel_1,8.910
supplementaries:wind_vane,1.010
somemoreblocks:gray_stained_tiled_glass,0.300
somemoreblocks:cracked_purpur_block,15.000
paraglider:energizing_mixture,7.500
supplementaries:stone_tile_stairs,0.300
hazennstuff:project_sekai_boots,2.130
minecraft:trial_key,90.000
create:copper_sheet,0.270
hazennstuff:utau_chestplate,1.980
protection_pixel:smallnetheritesheet,24.540
somemoreblocks:mangrove_mosaic,0.840
somemoreblocks:mossy_granite_brick_stairs,0.500
hazennstuff:pyrium_nugget,6.670
hazennstuff:mothic_witch_leggings,20405.300
minecraft:smoker,22.400
hazennstuff:rod_of_discord,2750.000
hazennstuff:permafrost_prince_helmet,20074.490
hazennstuff:blade_of_grass,8759.730
better_weaponry:emerald_axe,150.840
crystal_chronicles:clever_light,32.400
sophisticatedbackpacks:iron_backpack,118.800
somemoreblocks:magenta_concrete_bricks,0.320
born_in_chaos_v1:darkwarblade,65252.500
heartstone:heart_banner_pattern,1211.920
betterarcheology:bomb,0.340
minecraft:brown_dye,0.150
exposure:black_and_white_film,1.570
better_weaponry:iron_chakram,1.500
irons_spellbooks:pyrium_staff,211.680
sophisticatedstorage:iron_shulker_box,79.320
hazennstuff:calamitas_leggings,34804.980
protection_pixel:equipmentkit,560.290
somemoreblocks:light_blue_concrete_bricks,0.320
minecraft:brick_slab,0.160
somemoreblocks:brown_checkered_tiles,0.320
hazennstuff:strengthened,108792.750
minecraft:bricks,0.320
somemoreblocks:mossy_calcite_bricks,0.500
irons_spellbooks:brazier,5.030
crystal_chronicles:eye,30.000
exposure_polaroid:high_sensitivity_instant_color_slide,13.390
somemoreblocks:cut_soul_sandstone_slab,0.400
hazennstuff:sacred_robes_chestplate,3317.960
crystal_chronicles:paladin_shield,1224.730
irons_spellbooks:teleportation_amulet,46.670
minecraft:deepslate_tile_wall,0.300
minecraft:polished_deepslate_stairs,0.300
supplementaries:candy,937.600
create:industrial_iron_block,0.140
create:chocolate_glazed_berries,1880.000
born_in_chaos_v1:fired_black_argillite,0.250
minecraft:dark_oak_stairs,0.830
minecraft:jungle_pressure_plate,0.830
somemoreblocks:cracked_cut_emerald,450.000
somemoreblocks:cyan_concrete_tiles,0.320
crystal_chronicles:tank_boots,12137.310
betterarcheology:chiseled_bone_block,5.000
better_weaponry:copper_cutlass,2.220
minecraft:golden_carrot,7.740
minecraft:echo_shard,900.000
somemoreblocks:black_checkered_tiles,0.320
minecraft:magenta_dye,0.170
better_weaponry:golden_rapier,1.380
minecraft:prismarine_wall,8.320
hazennstuff:rose_gold_ingot,12.390
somemoreblocks:mud_tile_slab,15.100
somemoreblocks:mossy_brick_wall,0.520
create:train_trapdoor,171.400
somemoreblocks:polished_calcite_stairs,0.300
somemoreblocks:lime_terracotta_tiles,0.320
create:whisk,2.010
better_weaponry:amethyst_sword,11.840
born_in_chaos_v1:phantom_powder,45.000
hazennstuff:dreadsteel_knight_leggings,11370.940
minecraft:waxed_weathered_copper_bulb,61.850
minecraft:red_nether_brick_wall,10.160
somemoreblocks:polished_blackstone_tile_wall,0.300
better_weaponry:iron_hammer,2.040
exposure:color_film,5.130
crystal_chronicles:chiseled_crustone_stairs,0.300
hazennstuff:soul_legionnaire_ruler_helmet,1060.300
hazennstuff:chlorophyte_chestplate,14377.560
minecraft:magma_cream,40.200
supplementaries:lapis_bricks_wall,8.320
supplementaries:key,0.330
somemoreblocks:blue_terracotta_tiles,0.320
minecraft:blackstone_wall,0.300
crystal_chronicles:voidstone_shard,635.710
hazennstuff:mothic_witch_helmet,19839.440
better_weaponry:copper_armor_boots,1.080
create:item_hatch,1.410
hazennstuff:how_did_you_find_the_mothic_witch_chestplate,20887.120
hazennstuff:bounty_hunter_boots,4817.150
minecraft:cherry_sign,0.830
somemoreblocks:green_stained_tiled_glass,0.300
somemoreblocks:corrupted_polished_basalt_brick_wall,40.700
somemoreblocks:mossy_bricks,0.520
minecraft:pale_oak_boat,4.150
createoreexcavation:raw_emerald,100.000
born_in_chaos_v1:spiritual_gingerbread,35.080
somemoreblocks:chiseled_diorite_bricks,0.300
born_in_chaos_v1:krampuss_bag,5000.000
minecraft:sea_lantern,183.320
waterframes:frame,18.100
minecraft:waxed_exposed_chiseled_copper,18.100
minecraft:pale_moss_carpet,0.130
irons_spellbooks:villager_spell_book,8867.940
fdbosses:polished_justicestone,0.250
crystal_chronicles:mage_leggings,10300.850
somemoreblocks:cracked_soul_sandstone_tiles,0.800
minecraft:turtle_scute,65.000
somemoreblocks:end_stone_tile_slab,0.150
somemoreblocks:cracked_bone_bricks,2.700
minecraft:jungle_boat,4.150
minecraft:diamond_hoe,160.840
irons_spellbooks:disc_fragment_flame_still_burns,60.000
hazennstuff:archery_upgrade_orb,34211.220
irons_spellbooks:wizard_chestplate,1213.440
hazennstuff:magehunter_chestplate,1843.440
minecraft:light_weighted_pressure_plate,0.540
somemoreblocks:granite_pillar,0.300
create:placard,3.770
minecraft:shulker_shell,35.000
fdbosses:justicestone_stairs,0.380
somemoreblocks:smooth_diorite_slab,0.150
irons_spellbooks:frostward_ring,292.460
create_wizardry:mithril_nugget,16.670
create:nozzle,61.320
sophisticatedbackpacks:diamond_backpack,760.960
create:shaft,0.060
irons_spellbooks:furled_map,5006.680
minecraft:bamboo_button,1.500
born_in_chaos_v1:intoxicating_dagger,6002.500
better_weaponry:copper_shield,5.250
hazennstuff:magehunter_boots,1236.720
better_weaponry:diamond_rapier,160.840
minecraft:cherry_trapdoor,0.830
create:mechanical_bearing,5.310
hazennstuff:iron431_boots,1472.760
protection_pixel:workerhornetas_chestplate,2091.530
hazennstuff:frostbite_birch_fence,0.830
minecraft:acacia_trapdoor,0.830
sophisticatedbackpacks:gold_backpack,120.960
irons_spellbooks:ice_upgrade_orb,17634.220
minecraft:furnace,2.400
somemoreblocks:smooth_purpur,15.000
hazennstuff:overgrown_bone,60.000
sophisticatedstorage:gold_shulker_box,81.480
somemoreblocks:soul_sandstone_brick_slab,0.400
minecraft:cracked_nether_bricks,0.320
create_wizardry:crushed_mithril,150.000
somemoreblocks:acacia_mosaic,0.840
supplementaries:slingshot,91.460
somemoreblocks:cracked_dripstone_bricks,0.080
better_weaponry:amethyst_broadsword,34.680
crystal_chronicles:rotten_flesh_block,10.000
somemoreblocks:chiseled_andesite_bricks,0.300
minecraft:activator_rail,0.500
create_wizardry:lightning_bucket,80.000
create:netherite_diving_helmet,575.830
minecraft:crimson_pressure_plate,0.830
minecraft:globe_banner_pattern,360.000
create:waxed_copper_shingle_stairs,70.140
supplementaries:cannon_boat_acacia,56.450
supplementaries:spring_launcher,307.780
minecraft:waxed_exposed_copper_bulb,61.850
minecraft:cherry_stairs,0.830
somemoreblocks:smooth_soul_sandstone_stairs,0.800
minecraft:gilded_blackstone,15.000
minecraft:red_sandstone,1.200
supplementaries:safe,125.720
hazennstuff:zenalite_brick_stairs,14.280
somemoreblocks:red_sandstone_brick_stairs,1.200
minecraft:spruce_button,0.830
somemoreblocks:chiseled_polished_basalt_bricks,0.500
protection_pixel:watertank,2500.650
minecraft:resin_brick_stairs,240.000
protection_pixel:floatshield_chestplate,3629.440
minecraft:deepslate_tiles,0.300
hazennstuff:frostbite_knight_boots,13509.400
minecraft:bamboo_fence,1.500
minecraft:birch_boat,4.150
irons_spellbooks:ender_upgrade_orb,17826.220
minecraft:polished_diorite_stairs,0.300
irons_spellbooks:evoker_spell_book,320.000
minecraft:dark_oak_slab,0.420
protection_pixel:maneuveringwing,1666.810
minecraft:packed_mud,30.200
minecraft:dragon_egg,3750.000
sophisticatedbackpacks:inception_upgrade,473.580
supplementaries:flax,15.000
crystal_chronicles:rogue_leggings,10570.900
protection_pixel:pneumaticgrenadelauncharm,33.890
create:sticky_mechanical_piston,35.700
somemoreblocks:stone_tile_stairs,0.300
somemoreblocks:light_blue_shingles_stairs,0.160
somemoreblocks:end_stone_pillar,0.300
somemoreblocks:purple_concrete_bricks,0.320
somemoreblocks:snow_tiles,1.000
somemoreblocks:light_gray_stained_tiled_glass_pane,0.110
hazennstuff:terraprisma,18207.230
somemoreblocks:iron_pillar,2.430
somemoreblocks:prismarine_tile_stairs,8.320
hazennstuff:legionnaire_commander_chestplate,1286.040
somemoreblocks:andesite_pillar,0.300
better_weaponry:stone_battleaxe,2.340
hazennstuff:mothic_witch_chestplate,20819.480
create:mechanical_pump,1.090
create:waxed_weathered_copper_shingles,70.140
born_in_chaos_v1:bagof_candy,3200.000
somemoreblocks:mossy_deepslate_brick_wall,0.500
somemoreblocks:andesite_tiles,0.300
supplementaries:way_sign_spruce,0.420
chimes:copper_chimes,15.690
minecraft:birch_fence,0.830
better_weaponry:copper_shuriken,1.080
hazennstuff:wisewood_door,1.070
somemoreblocks:dark_oak_mosaic_stairs,1.260
protection_pixel:nightdemon_helmet,4.770
minecraft:red_nether_brick_slab,5.080
somemoreblocks:mossy_red_sandstone_brick_slab,0.700
better_weaponry:stone_shuriken,1.200
born_in_chaos_v1:elixirof_insect_protection,650.000
better_weaponry:amethyst_axe,17.970
better_weaponry:iron_cutlass,2.220
minecraft:chiseled_tuff,0.300
minecraft:creaking_heart,550.000
betterarcheology:archeology_table,969.010
createoreexcavation:raw_redstone,75.000
supplementaries:way_sign_dark_oak,0.420
minecraft:mangrove_button,0.830
minecraft:spruce_fence_gate,0.830
create:basin,1.650
hazennstuff:bounty_hunter_chestplate,5423.870
minecraft:leather_chestplate,1.120
sophisticatedstorage:warped_storage_connector,1.360
born_in_chaos_v1:nightmare_mantleofthe_night_helmet,1525.000
minecraft:beehive,214.980
born_in_chaos_v1:shattered_skull,25.000
minecraft:bamboo_mosaic,1.500
minecraft:scaffolding,3.000
hazennstuff:blazeborne_chestplate,16901.450
sophisticatedstorage:basic_to_diamond_tier_upgrade,644.840
somemoreblocks:gray_terracotta_tiles,0.320
better_weaponry:iron_battleaxe,2.190
minecraft:acacia_button,0.830
minecraft:amethyst_cluster,40.000
somemoreblocks:magenta_shingles_stairs,0.160
waterframes:big_tv,20.130
somemoreblocks:magenta_terracotta_tiles,0.320
irons_spellbooks:scroll_forge,0.300
irons_spellbooks:wizard_leggings,1061.760
somemoreblocks:polished_dripstone,0.080
sophisticatedcore:xp_bucket,25.000
somemoreblocks:sandstone_pillar,1.200
sophisticatedbackpacks:copper_backpack,118.800
somemoreblocks:granite_tiles,0.300
somemoreblocks:gray_shingles_stairs,0.160
hazennstuff:lemon_god_chestplate,3671.480
minecraft:polished_tuff_slab,0.150
minecraft:mossy_stone_brick_slab,0.250
minecraft:andesite_slab,0.150
minecraft:bamboo_chest_raft,14.140
protection_pixel:armorplatekit,589.080
minecraft:bamboo_planks,1.500
born_in_chaos_v1:evilometer,1610.150
somemoreblocks:smooth_calcite,0.300
born_in_chaos_v1:scarlet_stained_glass,0.290
somemoreblocks:cracked_red_sandstone_tiles,1.200
irons_spellbooks:brazier_soul,0.230
somemoreblocks:polished_mud,30.200
minecraft:cobblestone_stairs,0.300
hazennstuff:ring_of_efficiency,673.340
irons_spellbooks:blood_upgrade_orb,18306.220
hazennstuff:scroll_sheath,12091.640
better_weaponry:netherite_sai,735.440
supplementaries:fire_pit,11.400
create:encased_fan,6.300
somemoreblocks:tuff_tile_stairs,0.300
minecraft:polished_basalt,0.300
supplementaries:doormat,30.000
hazennstuff:skyscorcher,9101.170
somemoreblocks:stone_pillar,0.300
somemoreblocks:waxed_oxidized_copper_pillar,72.430
minecraft:polished_andesite_slab,0.150
somemoreblocks:cracked_cut_coal,18.000
better_weaponry:emerald_broadsword,300.420
somemoreblocks:diorite_tile_wall,0.300
minecraft:warped_hanging_sign,5.110
hazennstuff:sacred_robes_boots,2033.970
minecraft:cracked_deepslate_bricks,0.300
somemoreblocks:cracked_quartz_bricks,0.320
hazennstuff:spectral_spelunker_helmet,9500.090
supplementaries:pulley_block,6.090
better_weaponry:amethyst_sai,12.680
create:water_wheel,6.700
create:waxed_copper_tile_slab,70.070
irons_spellbooks:affinity_ring,17.480
born_in_chaos_v1:scorched_planks_fence_gate,4.450
travelerscompass:travelerscompass,5.740
minecraft:jungle_fence_gate,0.830
hazennstuff:synthesizer_v_boots,2.050
somemoreblocks:polished_snow,0.500
hazennstuff:lemon_god_helmet,3431.480
somemoreblocks:cyan_concrete_bricks,0.320
minecraft:repeater,2.040
hazennstuff:infestation_leggings,26394.660
crystal_chronicles:evoker_helmet,9841.780
minecraft:waxed_oxidized_copper_bulb,61.850
create:pulp,625.800
better_weaponry:amethyst_scythe,23.680
born_in_chaos_v1:monster_flesh,25.000
create:rotation_speed_controller,18.240
minecraft:torchflower,5.000
hazennstuff:silver_scraps,30.000
hazennstuff:thunder_prowler_helmet,16326.410
minecraft:mushroom_stew,1.620
somemoreblocks:ice_brick_wall,9.000
irons_spellbooks:magic_cloth,151.680
minecraft:warped_planks,0.830
hazennstuff:herta_puppet_helmet,9417.460
hazennstuff:mithril_battlemage_chestplate,6135.890
somemoreblocks:tuff_tile_wall,0.300
somemoreblocks:mud_tile_wall,30.200
irons_spellbooks:wizard_boots,606.720
somemoreblocks:pink_stained_tiled_glass,0.300
better_weaponry:golden_sai,1.800
somemoreblocks:ochre_redstone_froglight,45.400
minecraft:jungle_door,0.830
minecraft:prismarine_brick_slab,4.160
minecraft:nether_bricks,0.320
somemoreblocks:jungle_mosaic_stairs,1.260
minecraft:crimson_fence,0.830
protection_pixel:pioneeras_chestplate,2092.130
create:railway_casing,170.570
somemoreblocks:sandstone_tile_wall,1.200
born_in_chaos_v1:dark_charge,11.250
protection_pixel:typhoon_chestplate,39.280
hazennstuff:frostbite_hunter_helmet,15545.010
irons_spellbooks:fireward_ring,26.400
minecraft:crimson_stairs,0.830
create:pulse_repeater,1.790
somemoreblocks:cyan_shingles,0.160
born_in_chaos_v1:soulbane,700.000
hazennstuff:dreadsteel_knight_boots,10962.380
create:waxed_weathered_copper_tile_stairs,70.140
minecraft:oak_pressure_plate,0.830
minecraft:stone_brick_stairs,0.300
create:clutch,4.990
minecraft:chainmail_boots,15.000
somemoreblocks:stone_tile_wall,0.300
somemoreblocks:crimson_mosaic_stairs,1.260
minecraft:crimson_button,0.830
somemoreblocks:shingles_stairs,0.240
minecraft:jungle_planks,0.830
somemoreblocks:light_blue_checkered_tiles,0.320
hazennstuff:ice_pike,11077.930
somemoreblocks:diorite_pillar,0.300
minecraft:clock,1.180
somemoreblocks:soul_sandstone_pillar,0.800
minecraft:waxed_weathered_copper_trapdoor,70.810
born_in_chaos_v1:carrot_sword,1274.220
minecraft:blue_ice,81.000
minecraft:red_nether_bricks,10.160
minecraft:diamond_leggings,560.000
sophisticatedstorage:cherry_storage_connector,1.360
minecraft:crying_obsidian,15.000
somemoreblocks:light_gray_checkered_tiles,0.320
somemoreblocks:gray_concrete_bricks,0.320
minecraft:warped_slab,0.420
minecraft:mangrove_stairs,0.830
supplementaries:gravel_bricks,0.300
somemoreblocks:cracked_prismarine_tiles,8.320
minecraft:prismarine,8.320
somemoreblocks:mossy_prismarine_brick_stairs,8.420
protection_pixel:evasionwing,33.530
minecraft:bamboo_raft,7.500
somemoreblocks:red_shingles,0.160
irons_spellbooks:emerald_stoneplate_ring,46.930
crystal_chronicles:tank_chestplate,12744.030
somemoreblocks:light_blue_shingles,0.160
minecraft:moss_carpet,0.130
born_in_chaos_v1:fangofthe_hound_leader,70.000
minecraft:mossy_cobblestone_slab,0.250
somemoreblocks:calcite_tile_slab,0.150
born_in_chaos_v1:scorched_planks_slab,1.800
sophisticatedstorage:basic_to_iron_tier_upgrade,2.680
create:waxed_weathered_copper_shingle_slab,70.070
somemoreblocks:lime_shingles,0.160
minecraft:cake,7530.500
create:encased_chain_drive,4.920
minecraft:dark_oak_sign,0.830
minecraft:resin_block,540.000
minecraft:granite_slab,0.150
better_weaponry:diamond_cutlass,161.680
minecraft:mud_brick_stairs,30.200
supplementaries:feather_block,135.000
born_in_chaos_v1:stimulating_decoction,650.000
supplementaries:cog_block,0.510
minecraft:oak_hanging_sign,5.110
somemoreblocks:black_stained_tiled_glass,0.300
somemoreblocks:cyan_shingles_stairs,0.160
minecraft:leather_leggings,0.980
born_in_chaos_v1:smoked_monster_flesh,25.000
somemoreblocks:soul_sandstone_slab,0.400
minecraft:pale_oak_sign,0.830
minecraft:cherry_pressure_plate,0.830
minecraft:polished_blackstone_button,0.300
exposure:high_sensitivity_color_film,74.930
irons_spellbooks:spellbreaker,680.000
strawstatues:straw_statue,272.520
create:andesite_casing,4.830
minecraft:book,1.640
create:mechanical_plough,6.630
sophisticatedstorage:copper_to_gold_tier_upgrade,3.760
minecraft:wooden_shovel,1.670
minecraft:chorus_fruit,15.000
somemoreblocks:mossy_deepslate_bricks,0.500
createoreexcavation:vein_atlas,45.490
better_weaponry:golden_chakram,1.500
better_weaponry:emerald_hammer,300.420
sophisticatedbackpacks:advanced_deposit_upgrade,165.860
irons_spellbooks:decrepit_key,240.000
minecraft:bamboo_trapdoor,1.500
hazennstuff:the_prefects_ring,1300.000
minecraft:chainmail_chestplate,15.000
somemoreblocks:prismarine_tiles,8.320
create_hypertube:hypertube_entrance,2.610
supplementaries:blackstone_tile_slab,0.150
born_in_chaos_v1:chaos_component,800.000
minecraft:warped_fungus_on_a_stick,31.760
somemoreblocks:soul_sandstone_tile_slab,0.400
create:sweet_roll,1905.000
sophisticatedbackpacks:smithing_upgrade,84.620
crystal_chronicles:divinite_shard,611.690
minecraft:spruce_hanging_sign,5.110
somemoreblocks:snow_fern,0.750
minecraft:cracked_polished_blackstone_bricks,0.300
somemoreblocks:sandstone_tiles,1.200
hazennstuff:nights_edge,27716.510
born_in_chaos_v1:permafrost_shard,60.000
somemoreblocks:chiseled_red_nether_bricks,10.160
born_in_chaos_v1:dark_rod,45.000
better_weaponry:stone_hammer,2.220
irons_spellbooks:ice_spider_egg,11025.000
somemoreblocks:sandstone_brick_wall,1.200
crystal_chronicles:hemalite_block,50.000
born_in_chaos_v1:black_argillite_brick_wall,0.250
sophisticatedbackpacks:anvil_upgrade,177.500
somemoreblocks:yellow_terracotta_tiles,0.320
hazennstuff:demonite_ingot,280.000
born_in_chaos_v1:elixirof_ice_barrier,650.000
create:brass_hand,1.410
suppsquared:item_shelf_bamboo,1.120
somemoreblocks:tuff_tiles,0.300
somemoreblocks:black_terracotta_bricks,0.320
better_weaponry:wooden_sickle,2.080
minecraft:deepslate_tile_stairs,0.300
minecraft:waxed_weathered_cut_copper_slab,9.050
minecraft:axolotl_bucket,80.000
minecraft:netherite_helmet,974.180
irons_spellbooks:expulsion_ring,30.420
create:propeller,1.410
minecraft:pale_oak_stairs,0.830
minecraft:end_stone_brick_wall,0.300
somemoreblocks:cracked_sandstone_tiles,1.200
minecraft:polished_diorite_slab,0.150
exposure:interplanar_projector,40.000
somemoreblocks:mud_pillar,30.200
irons_spellbooks:netherite_mage_helmet,807.480
supplementaries:antique_ink,70.000
crystal_chronicles:cracked_crustone_bricks_slab,0.150
hazennstuff:maverick_boots,19425.100
hazennstuff:frostbite_birch_pressure_plate,0.830
hazennstuff:gabriel_ultrakill_helmet,24045.200
crystal_chronicles:neuron_torch,10.250
minecraft:oak_sign,0.830
born_in_chaos_v1:spiny_shell_trap,70.000
somemoreblocks:purpur_tile_wall,15.000
somemoreblocks:mossy_sandstone_brick_stairs,1.400
minecraft:birch_pressure_plate,0.830
sophisticatedstorage:gold_barrel,10.660
somemoreblocks:polished_end_stone,0.300
hazennstuff:soul_legionnaire_ruler_boots,980.300
create:spruce_window,1.400
hazennstuff:the_wither_helmet,17463.910
genshinstrument:nightwind_horn,1.630
hazennstuff:spectral_pickaxe,5796.710
crystal_chronicles:electromancer_helmet,9907.540
create:electron_tube,1.150
irons_spellbooks:wandering_magician_boots,12.020
hazennstuff:legionnaire_commander_leggings,1206.040
create:large_water_wheel,13.340
create:waxed_exposed_copper_tile_slab,70.070
hazennstuff:abberant_predator_boots,30076.970
minecraft:bowl,0.620
minecraft:orange_dye,0.170
minecraft:light_gray_dye,0.250
hazennstuff:dark_ritual_templar_chestplate,1461.480
minecraft:birch_planks,0.830
somemoreblocks:smooth_andesite,0.300
protection_pixel:hookitem,0.630
minecraft:spectral_arrow,2.160
hazennstuff:zenalite_bricks,9.520
protection_pixel:armorloadplatform,16.140
supplementaries:way_sign_oak,0.420
minecraft:netherite_leggings,1134.180
irons_spellbooks:necronomicon_spell_book,2600.000
better_weaponry:copper_battleaxe,2.190
create:rope_pulley,65.100
hazennstuff:the_wither_chestplate,18443.950
naturescompass:naturescompass,21.980
sophisticatedbackpacks:xp_pump_upgrade,644.420
somemoreblocks:prismarine_tile_slab,4.160
somemoreblocks:granite_brick_stairs,0.300
create:brass_casing,4.770
minecraft:netherite_shovel,655.020
irons_spellbooks:wizard_helmet,758.400
sophisticatedbackpacks:tank_upgrade,75.980
sophisticatedstorage:basic_to_copper_tier_upgrade,2.680
create:redstone_link,3.280
create:andesite_tunnel,0.430
minecraft:smooth_red_sandstone_stairs,1.200
hazennstuff:flesh_mass_leggings,16847.270
minecraft:stone_pickaxe,1.740
somemoreblocks:warped_mosaic_stairs,1.260
hazennstuff:project_sekai_leggings,2.130
minecraft:dispenser,48.460
minecraft:daylight_detector,2.400
minecraft:waxed_oxidized_copper_trapdoor,70.810
sophisticatedstorage:diamond_shulker_box,721.480
born_in_chaos_v1:scorched_planks_trapdoor,10.830
born_in_chaos_v1:sweet_sword,66.720
minecraft:mangrove_roots,0.250
irons_spellbooks:raw_mithril,900.000
sophisticatedstorage:copper_shulker_box,79.320
fdbosses:eye_of_malkuth,719.200
somemoreblocks:emerald_pillar,450.000
minecraft:jack_o_lantern,6.600
minecraft:tripwire_hook,0.760
somemoreblocks:ice_bricks,9.000
minecraft:hopper,7.990
somemoreblocks:snow_pillar,1.000
hazennstuff:crystal_arachnid_helmet,25397.460
minecraft:tuff_wall,0.300
somemoreblocks:andesite_brick_wall,0.300
hazennstuff:gabriel_ultrakill_boots,23631.020
create:brass_scaffolding,0.140
minecraft:raw_gold,45.000
hazennstuff:starkissed_zenalite,262.500
sophisticatedstorage:barrel,6.340
minecraft:cooked_cod,27.500
somemoreblocks:acacia_mosaic_stairs,1.260
somemoreblocks:smooth_blackstone_slab,0.150
crystal_chronicles:cracked_crustone_bricks_stairs,0.300
irons_spellbooks:concentration_amulet,150.000
irons_spellbooks:paladin_chestplate,7201.200
better_weaponry:copper_hoe,1.380
minecraft:cartography_table,4.320
minecraft:polished_diorite,0.300
somemoreblocks:blue_concrete_bricks,0.320
somemoreblocks:mossy_calcite_brick_stairs,0.500
hazennstuff:melee_rune,4501.690
better_weaponry:iron_claymore,1.500
create:item_drain,4.870
supplementaries:lumisene_bucket,40.810
create:wrench,2.120
createoreexcavation:netherite_drill,1700.390
somemoreblocks:cracked_mud_bricks,30.200
create:rose_quartz,0.880
crystal_chronicles:tank_helmet,12288.990
minecraft:snowball,0.250
hazennstuff:legionnaire_ruler_chestplate,1437.060
minecraft:bell,80.000
somemoreblocks:dripstone_bricks,0.080
better_weaponry:stone_scythe,2.040
minecraft:turtle_helmet,325.000
better_weaponry:diamond_sai,161.260
hazennstuff:maverick_helmet,19839.280
hazennstuff:thunder_prowler_leggings,16367.270
somemoreblocks:packed_snow_stairs,1.500
create:crushed_raw_gold,0.300
minecraft:heavy_weighted_pressure_plate,0.540
minecraft:stone_shovel,1.140
exposure:photograph_frame,8.500
somemoreblocks:cracked_cut_diamond,720.000
crystal_chronicles:bronchus_button,1.250
minecraft:waxed_oxidized_cut_copper_slab,9.050
supplementaries:cannon_boat_pale_oak,56.450
create:brass_door,5.600
minecraft:chainmail_leggings,15.000
minecraft:polished_blackstone_stairs,0.300
somemoreblocks:redstone_shroomlight,5.400
better_weaponry:emerald_hoe,100.840
exposure:aged_photograph,15.840
create:blaze_cake_base,0.350
minecraft:deepslate_brick_stairs,0.300
minecraft:dropper,2.200
paraglider:horned_statue,800.000
minecraft:wind_charge,13.750
somemoreblocks:mossy_dripstone_brick_wall,0.280
create:andesite_funnel,0.220
somemoreblocks:polished_prismarine_stairs,8.320
somemoreblocks:oak_mosaic_slab,0.420
born_in_chaos_v1:smoked_flesh,2.500
minecraft:polished_deepslate,0.300
minecraft:waxed_copper_grate,18.110
create:steam_whistle,0.540
numismatics:banking_guide,230.300
minecraft:polished_tuff,0.300
minecraft:polished_tuff_stairs,0.300
supplementaries:fine_wood_slab,6.250
born_in_chaos_v1:fire_dust,50.000
hazennstuff:how_did_you_find_the_hazel_chestplate,18439.670
better_weaponry:wooden_sai,2.920
minecraft:netherite_pickaxe,815.020
somemoreblocks:black_shingles_stairs,0.160
somemoreblocks:lime_checkered_tiles,0.320
sophisticatedstorage:bamboo_storage_connector,2.020
create:copper_diving_boots,1.740
crystal_chronicles:spear,1840.470
minecraft:shield,5.250
supplementaries:cannon_boat_spruce,56.450
hazennstuff:divine_greatsword,1016.430
minecraft:blackstone_slab,0.150
hazennstuff:chlorophyte_ingot,800.000
better_weaponry:stone_claymore,1.620
somemoreblocks:cyan_stained_tiled_glass_pane,0.110
create:spruce_window_pane,0.520
rarcompat:mimi_dust,900.400
protection_pixel:linkplate_helmet,3.600
somemoreblocks:blue_terracotta_bricks,0.320
minecraft:quartz_bricks,0.320
minecraft:red_sandstone_wall,1.200
numismatics:crown,512.000
patchouli:guide_book,13.100
somemoreblocks:red_concrete_tiles,0.320
betterarcheology:rotten_pressure_plate,0.830
hazennstuff:pyrium_battlemage_helmet,872.010
somemoreblocks:granite_tile_wall,0.300
somemoreblocks:dripstone_brick_wall,0.080
somemoreblocks:lime_terracotta_bricks,0.320
born_in_chaos_v1:empty_fel_lamp,210.000
minecraft:acacia_stairs,0.830
somemoreblocks:ice_tile_slab,4.500
hazennstuff:frostbite_hunter_boots,15130.830
sophisticatedstorage:copper_chest,9.320
minecraft:raw_gold_block,405.000
minecraft:birch_door,0.830
somemoreblocks:cracked_lapis_bricks,18.720
createoreexcavation:drilling_machine,560.230
hazennstuff:ender_dragon_boots,15507.230
hazennstuff:wisewood_fence,1.070
irons_spellbooks:rotten_spell_book,1253.000
somemoreblocks:polished_stone_stairs,0.300
somemoreblocks:prismarine_pillar,8.320
minecraft:sniffer_egg,230.000
somemoreblocks:light_blue_concrete_tiles,0.320
crystal_chronicles:polished_crustone,0.300
hazennstuff:slc_cat_helmet,19850.240
minecraft:wooden_sword,2.080
minecraft:birch_fence_gate,0.830
irons_spellbooks:fire_rune,4301.690
minecraft:smooth_quartz_slab,0.160
somemoreblocks:smooth_tuff_slab,0.150
create:waxed_exposed_copper_tile_stairs,70.140
somemoreblocks:smooth_mud_slab,15.100
hazennstuff:solar_core,60.000
born_in_chaos_v1:dark_metal_armor_boots,22369.180
better_weaponry:diamond_claymore,320.420
born_in_chaos_v1:black_argillite_column,0.250
minecraft:mud_brick_wall,30.200
irons_spellbooks:infernal_sorcerer_chestplate,7260.660
somemoreblocks:polished_basalt_pillar,0.300
sophisticatedstorage:oak_storage_connector,1.360
better_weaponry:stone_sai,1.860
supplementaries:fine_wood,12.500
born_in_chaos_v1:scorched_planks_pressure_plates,3.610
somemoreblocks:polished_basalt_tile_slab,0.250
hazennstuff:pyrium_block,540.000
irons_spellbooks:bloody_vellum,132.500
minecraft:cookie,7.540
better_weaponry:golden_scythe,1.920
better_weaponry:golden_hammer,2.040
minecraft:lightning_rod,0.810
protection_pixel:lancer_helmet,4.620
somemoreblocks:green_terracotta_tiles,0.320
minecraft:shears,0.540
minecraft:name_tag,19.750
minecraft:honeycomb_block,280.000
somemoreblocks:mossy_andesite_brick_slab,0.250
minecraft:sculk_vein,0.500
somemoreblocks:calcite_brick_stairs,0.300
create:schematic_table,1.860
sophisticatedstorage:basic_tier_upgrade,2.200
somemoreblocks:white_checkered_tiles,0.320
minecraft:warped_fungus,0.500
irons_spellbooks:betrayer_signet,11779.080
paraglider:stamina_vessel,930.000
hazennstuff:soul_legionnaire_ruler_chestplate,1300.300
minecraft:rabbit_stew,36.120
sophisticatedstorage:gold_to_diamond_tier_upgrade,640.520
somemoreblocks:brown_terracotta_tiles,0.320
somemoreblocks:mossy_end_stone_brick_stairs,0.500
minecraft:pale_oak_chest_boat,10.790
betterarcheology:rotten_fence_gate,0.830
create:brass_funnel,0.760
create:pulse_extender,2.310
fdbosses:polished_justicestone_stairs,0.380
createoreexcavation:extractor,556.950
somemoreblocks:sandstone_brick_stairs,1.200
somemoreblocks:waxed_copper_pillar,72.430
hazennstuff:pyrium_boots,958.710
better_weaponry:iron_sai,1.800
supplementaries:rope_arrow,80.000
minecraft:oak_fence_gate,0.830
supplementaries:turn_table,4.060
minecraft:ice,9.000
somemoreblocks:diorite_tiles,0.300
sophisticatedstorage:copper_to_netherite_tier_upgrade,692.840
minecraft:enchanted_golden_apple,4250.000
protection_pixel:plague_helmet,6.340
sophisticatedstorage:birch_storage_connector,1.360
minecraft:salmon_bucket,100.000
better_weaponry:wooden_claymore,3.740
born_in_chaos_v1:creepy_gift,1900.000
supplementaries:way_sign_jungle,0.420
born_in_chaos_v1:dark_grid,900.000
hazennstuff:pyrium_helmet,1038.710
minecraft:mangrove_trapdoor,0.830
minecraft:diamond_boots,320.000
minecraft:crimson_hanging_sign,5.110
somemoreblocks:blue_shingles,0.160
hazennstuff:hammer_of_justice,6083.920
create:fluid_pipe,0.200
randomium:randomium,-1.000
minecraft:mangrove_hanging_sign,5.110
somemoreblocks:amethyst_pillar,22.840
minecraft:red_nether_brick_stairs,10.160
irons_spellbooks:pumpkin_helmet,461.740
supplementaries:cannon_boat_oak,56.450
minecraft:brewing_stand,30.900
protection_pixel:leggingslining,25.960
somemoreblocks:tuff_pillar,0.300
protection_pixel:closed_helmet,3.790
somemoreblocks:purple_terracotta_bricks,0.320
create:hose_pulley,5.940
crystal_chronicles:chiseled_crustone_slab,0.150
minecraft:polished_blackstone_brick_wall,0.300
betterarcheology:rotten_stairs,0.830
minecraft:nautilus_shell,120.000
somemoreblocks:calcite_pillar,0.300
create:waxed_oxidized_copper_tile_stairs,70.140
irons_spellbooks:wandering_magician_helmet,12.160
hazennstuff:frostbite_birch_fence_gate,0.830
somemoreblocks:blue_shingles_stairs,0.160
minecraft:apple,10.000
minecraft:powder_snow_bucket,100.000
minecraft:piglin_banner_pattern,270.000
minecraft:diorite_slab,0.150
supplementaries:ash_bricks_slab,2.000
protection_pixel:hunter_helmet,16.350
better_weaponry:amethyst_armor_chestplate,45.680
somemoreblocks:green_terracotta_bricks,0.320
somemoreblocks:chiseled_granite_bricks,0.300
sophisticatedstorage:iron_to_gold_tier_upgrade,2.680
create:andesite_scaffolding,0.160
hazennstuff:legionnaire_ruler_helmet,1197.060
sophisticatedbackpacks:restock_upgrade,115.220
minecraft:cooked_mutton,20.000
minecraft:bookshelf,9.900
somemoreblocks:waxed_oxidized_cracked_copper_bricks,70.610
sophisticatedstorage:basic_to_netherite_tier_upgrade,693.920
somemoreblocks:mossy_granite_bricks,0.500
somemoreblocks:mossy_andesite_bricks,0.500
born_in_chaos_v1:smoked_fish,27.500
supplementaries:flower_box,1.150
protection_pixel:magneticstormas_chestplate,2111.750
born_in_chaos_v1:chipped_black_argillite_brick,0.250
minecraft:resin_brick,60.000
somemoreblocks:snow_brick_wall,1.000
crystal_chronicles:bronchus_stairs,1.880
minecraft:spruce_slab,0.420
born_in_chaos_v1:lord_pumpkinheads_hat_helmet,1800.000
minecraft:oak_boat,4.150
create:waxed_oxidized_copper_tile_slab,70.070
arcane_abilities:skills_grimoire,39.850
hazennstuff:shadow_rune,4661.690
create:copper_backtank,3.960
minecraft:pumpkin_pie,3.280
hazennstuff:spectral_spelunker_chestplate,9872.290
hazennstuff:starfury,2300.000
minecraft:jungle_fence,0.830
minecraft:chorus_flower,30.000
create:waxed_oxidized_copper_tiles,70.140
somemoreblocks:mossy_brick_slab,0.260
create:copper_diving_helmet,1.650
hazennstuff:singularity,111163.190
irons_spellbooks:wandering_magician_chestplate,12.580
create:golden_sheet,0.270
minecraft:polished_granite,0.300
hazennstuff:fireblossom_boots,2350.950
born_in_chaos_v1:pumpkinstaffa,325.000
better_weaponry:iron_broadsword,2.040
minecraft:soul_campfire,16.460
minecraft:prismarine_shard,2.080
hazennstuff:creaking_leggings,16217.270
born_in_chaos_v1:spooky_snowman_head,61.420
hazennstuff:ravens_bane,724.530
somemoreblocks:black_concrete_bricks,0.320
hazennstuff:frostburn_dagger,8596.710
minecraft:cherry_hanging_sign,5.110
hazennstuff:archery_rune,4198.970
minecraft:pale_oak_button,0.830
irons_spellbooks:amethyst_resonance_charm,5.710
better_weaponry:wooden_glaive,2.500
hazennstuff:spectral_spelunker_boots,9263.680
somemoreblocks:polished_blackstone_tile_slab,0.150
somemoreblocks:bone_bricks,2.700
supplementaries:slice_map,5.180
hazennstuff:legionnaire_commander_boots,966.040
create:windmill_bearing,0.780
better_weaponry:diamond_broadsword,480.420
somemoreblocks:mossy_purpur_block_slab,7.600
minecraft:crimson_fence_gate,0.830
born_in_chaos_v1:sea_terror_stomach,180.000
crystal_chronicles:evoker_boots,9690.100
minecraft:bamboo_hanging_sign,4.610
supplementaries:cannon,52.300
born_in_chaos_v1:sharpened_dark_metal_sword,7652.500
irons_spellbooks:evocation_rune,4381.690
minecraft:tuff_brick_slab,0.150
hazennstuff:abberant_predator_chestplate,31471.190
minecraft:pitcher_plant,5.000
minecraft:purple_dye,0.210
minecraft:ender_pearl,30.000
minecraft:waxed_copper_bulb,61.850
createoreexcavation:raw_diamond,80.000
create:elevator_pulley,5.940
better_weaponry:copper_scythe,1.920
create:linked_controller,8.260
born_in_chaos_v1:black_argillite_brick,0.250
create:waxed_weathered_copper_shingle_stairs,70.140
somemoreblocks:black_stained_tiled_glass_pane,0.110
hazennstuff:shadow_scale_leggings,11834.220
hazennstuff:hazel_chestplate,18372.030
minecraft:observer,2.080
somemoreblocks:mossy_tuff_bricks,0.500
minecraft:polished_deepslate_wall,0.300
crystal_chronicles:tank_leggings,12592.350
somemoreblocks:netherite_pillar,441.720
somemoreblocks:crimson_mosaic,0.840
somemoreblocks:purpur_tiles,15.000
hazennstuff:hazens_excalibur,5425.900
supplementaries:speaker_block,56.640
minecraft:polished_andesite,0.300
somemoreblocks:polished_calcite_slab,0.150
minecraft:flow_banner_pattern,480.000
minecraft:charcoal,5.000
somemoreblocks:brown_concrete_bricks,0.320
minecraft:netherite_axe,815.020
minecraft:polished_blackstone_brick_slab,0.150
somemoreblocks:birch_mosaic_stairs,1.260
hazennstuff:health_rune,4205.930
minecraft:pale_oak_door,0.830
create:bamboo_window,2.400
minecraft:chiseled_deepslate,0.300
supplementaries:bellows,2.800
sophisticatedstorage:mangrove_storage_connector,1.360
minecraft:soul_torch,0.600
born_in_chaos_v1:green_stained_glass_panel,0.110
hazennstuff:alchemist_supreme_chestplate,17141.450
somemoreblocks:red_checkered_tiles,0.320
somemoreblocks:warped_mosaic_slab,0.420
hazennstuff:garments_of_the_first_flamebearer_leggings,27441.100
somemoreblocks:ice_tiles,9.000
supplementaries:fodder,202.500
somemoreblocks:dripstone_pillar,0.080
irons_spellbooks:fire_upgrade_orb,17826.220
protection_pixel:typhoonas_chestplate,2095.860
minecraft:waxed_weathered_copper_door,70.540
minecraft:warped_fence_gate,0.830
create:content_observer,8.000
somemoreblocks:light_gray_concrete_bricks,0.320
hazennstuff:sacred_robes_helmet,3077.960
hazennstuff:hazel_leggings,17957.850
create:andesite_bars,0.080
minecraft:gray_dye,0.500
born_in_chaos_v1:webbed_cobblestone,13.300
protection_pixel:armorhanger,3.260
better_weaponry:netherite_scythe,895.020
minecraft:warped_pressure_plate,0.830
somemoreblocks:brown_stained_tiled_glass_pane,0.110
somemoreblocks:orange_stained_tiled_glass,0.300
better_weaponry:amethyst_dagger,6.130
irons_spellbooks:protection_rune,4291.690
born_in_chaos_v1:sea_terror_eye,60.000
minecraft:cooked_porkchop,20.000
somemoreblocks:mossy_prismarine_bricks,8.420
minecraft:honeycomb,70.000
hazennstuff:alchemist_supreme_leggings,16727.270
sophisticatedstorage:copper_to_diamond_tier_upgrade,643.760
crystal_chronicles:rogue_helmet,10267.540
better_weaponry:copper_hammer,2.040
somemoreblocks:snow_tile_wall,1.000
somemoreblocks:cut_quartz,0.320
born_in_chaos_v1:dark_metal_deposit,4800.000
fdbosses:justicestone_column_wall,0.250
hazennstuff:chlorophyte_chunk,800.000
better_weaponry:amethyst_spear,6.550
hazennstuff:thunder_prowler_boots,15387.230
protection_pixel:heatoverlockingmechanism,821.980
fdbosses:justicestone_column,0.250
somemoreblocks:tuff_tile_slab,0.150
supplementaries:cannon_boat_cherry,56.450
sophisticatedstorage:copper_barrel,8.500
hazennstuff:legionnaire_ruler_leggings,1357.060
minecraft:spruce_fence,0.830
somemoreblocks:diorite_tile_slab,0.150
minecraft:dark_prismarine_slab,8.820
minecraft:dragon_head,2250.000
irons_spellbooks:pumpkin_boots,776.680
minecraft:green_dye,0.250
create:metal_bracket,0.240
minecraft:waxed_exposed_cut_copper_stairs,18.110
better_weaponry:amethyst_pickaxe,17.970
minecraft:smooth_red_sandstone_slab,0.600
somemoreblocks:cracked_bricks,0.320
supplementaries:redstone_illuminator,183.720
minecraft:bamboo_pressure_plate,1.500
crystal_chronicles:chiseled_crustone_wall,0.300
minecraft:birch_trapdoor,0.830
somemoreblocks:diorite_tile_stairs,0.300
suppsquared:crimson_lantern,4.270
somemoreblocks:dripstone_tile_stairs,0.080
create:birch_window,1.400
better_weaponry:diamond_dagger,80.420
somemoreblocks:waxed_exposed_copper_pillar,72.430
sophisticatedstorage:netherite_chest,700.560
minecraft:conduit,3360.000
fdbosses:justicestone_beam,0.250
hazennstuff:abstract,4702.110
minecraft:waxed_exposed_copper_trapdoor,70.810
hazennstuff:miner_leggings,3.250
better_weaponry:copper_broadsword,2.040
irons_spellbooks:legionnaire_flamberge,864.530
minecraft:powered_rail,0.360
somemoreblocks:cracked_dripstone_tiles,0.080
crystal_chronicles:paladin_boots,9629.630
hazennstuff:frostbite_knight_leggings,14442.960
supplementaries:cannon_boat_jungle,56.450
create:mechanical_arm,19.380
create:mechanical_drill,6.090
protection_pixel:hammeras_helmet,1033.570
supplementaries:stone_lamp,3.000
create:crushed_raw_iron,0.300
create_hypertube:hypertube,0.090
crystal_chronicles:voltite_shard,625.760
somemoreblocks:cracked_soul_sandstone_bricks,0.800
minecraft:comparator,2.540
somemoreblocks:waxed_cracked_copper_bricks,70.610
hazennstuff:creaking_helmet,15651.410
minecraft:fishing_rod,31.260
crystal_chronicles:evoker_leggings,10145.140
better_weaponry:wooden_battleaxe,4.990
somemoreblocks:red_terracotta_bricks,0.320
somemoreblocks:yellow_shingles_stairs,0.160
crystal_chronicles:bronchus_fence,1.950
somemoreblocks:calcite_tile_stairs,0.300
better_weaponry:diamond_sickle,160.420
better_weaponry:stone_katana,1.020
supplementaries:timber_frame,1.680
protection_pixel:buoyancy_leggings,31.880
hazennstuff:excalibur_fragment,2300.000
better_weaponry:emerald_scythe,200.840
somemoreblocks:yellow_terracotta_bricks,0.320
minecraft:cut_red_sandstone,1.200
born_in_chaos_v1:scarlet_stained_glass_panel,0.110
sophisticatedstorage:packing_tape,30.700
better_weaponry:amethyst_hoe,12.260
somemoreblocks:cracked_red_sandstone_bricks,1.200
somemoreblocks:cyan_checkered_tiles,0.320
somemoreblocks:cut_soul_sandstone,0.800
born_in_chaos_v1:black_argillite_brick_stairs,0.250
minecraft:beacon,483.900
minecraft:tnt,1.700
hazennstuff:cryogenic_ruler_boots,15363.230
create:package_frogport,36.890
somemoreblocks:waxed_copper_bricks,70.610
hazennstuff:ender_dragon_leggings,16487.270
suppsquared:hazennstuff/item_shelf_frostbite_birch,0.630
minecraft:flint_and_steel,0.570
minecraft:guster_banner_pattern,480.000
better_weaponry:golden_sickle,0.960
hazennstuff:rotten_girl_chestplate,2.130
minecraft:milk_bucket,7500.000
somemoreblocks:chiseled_soul_sandstone,0.800
better_weaponry:copper_chakram,1.500
minecraft:cobweb,5.000
minecraft:black_dye,1.000
genshinstrument:vintage_lyre,33.320
minecraft:bamboo_door,1.500
born_in_chaos_v1:smoldering_infernal_ember,60.000
born_in_chaos_v1:mesh_door,15.000
create:belt_connector,0.600
somemoreblocks:purple_stained_tiled_glass_pane,0.110
create:sequenced_gearshift,6.810
create:powdered_obsidian,160.800
better_weaponry:iron_katana,0.960
sophisticatedstorage:spruce_storage_connector,1.360
create:iron_sheet,0.270
born_in_chaos_v1:icy_sweetness,5552.750
somemoreblocks:smooth_blackstone,0.300
hazennstuff:refined,40384.220
somemoreblocks:green_concrete_bricks,0.320
hazennstuff:radiance_upgrade_orb,34293.780
hazennstuff:the_devourer,6286.300
create:brass_bars,0.070
born_in_chaos_v1:nightmare_mantleofthe_night_boots,850.000
hazennstuff:mossy_mud_bricks,60.450
minecraft:oak_slab,0.420
hazennstuff:galvanized_sheath,5329.540
sophisticatedstorage:storage_link,33.170
better_weaponry:amethyst_armor_helmet,28.550
betterarcheology:artifact_shards,950.000
minecraft:mangrove_sign,0.830
somemoreblocks:purple_terracotta_tiles,0.320
somemoreblocks:cracked_cut_iron,2.430
irons_spellbooks:fire_ale,650.000
paraglider:spirit_orb,256.000
create_hypertube:tube_scanner_attachment,6.960
somemoreblocks:green_concrete_tiles,0.320
supplementaries:item_shelf,0.630
supplementaries:stone_tile,0.300
hazennstuff:blazeborne_leggings,16487.270
supplementaries:blackstone_tile_stairs,0.300
hazennstuff:phantasmium,0.250
minecraft:grindstone,2.650
somemoreblocks:polished_stone,0.300
create:blaze_cake,2.850
create:track_signal,42.930
create:flywheel,2.220
create:honey_bucket,30000.000
supplementaries:timber_brace,1.680
minecraft:sculk_shrieker,15.000
hazennstuff:health_upgrade_orb,34266.900
irons_spellbooks:cinderous_soulcaller,31.730
hazennstuff:chlorophyte_boots,10857.560
somemoreblocks:blue_stained_tiled_glass_pane,0.110
genshinstrument:floral_zither,18.320
somemoreblocks:chiseled_prismarine_bricks,8.320
create:waxed_oxidized_copper_shingles,70.140
hazennstuff:spectrum,9232.230
minecraft:netherite_boots,894.180
paraglider:heart_container,1024.000
minecraft:iron_horse_armor,45.000
create:portable_fluid_interface,4.970
minecraft:furnace_minecart,3.750
create:mechanical_piston,5.500
hazennstuff:project_sekai_chestplate,2.130
crystal_chronicles:fat_tissue_block,40.000
better_weaponry:emerald_claymore,200.420
minecraft:waxed_weathered_cut_copper,18.110
hazennstuff:gabriel_ultrakill_chestplate,26625.780
minecraft:prismarine_crystals,35.000
minecraft:leather_boots,0.560
sophisticatedstorage:limited_diamond_barrel_1,651.070
somemoreblocks:calcite_brick_wall,0.300
crystal_chronicles:paladin_helmet,9781.310
create:waxed_exposed_copper_shingles,70.140
somemoreblocks:brown_shingles_stairs,0.160
born_in_chaos_v1:gnawed_bones,45.000
create:weathered_iron_block,0.140
sophisticatedstorage:limited_diamond_barrel_2,650.660
sophisticatedstorage:limited_diamond_barrel_3,650.250
sophisticatedstorage:limited_diamond_barrel_4,649.840
create:powered_toggle_latch,2.140
minecraft:sculk,2.500
amendments:dragon_charge,235.900
somemoreblocks:chiseled_dripstone_bricks,0.080
suppsquared:copper_lantern,5.270
irons_spellbooks:shriving_stone,40.710
fdbosses:justicestone_wall,0.250
minecraft:chiseled_stone_bricks,0.300
somemoreblocks:granite_tile_slab,0.150
somemoreblocks:bone_tile_stairs,2.700
somemoreblocks:light_blue_terracotta_tiles,0.320
irons_spellbooks:arcane_anvil,103.140
sophisticatedstorage:limited_netherite_barrel_1,700.150
sophisticatedstorage:limited_netherite_barrel_2,699.740
sophisticatedstorage:limited_netherite_barrel_3,699.330
somemoreblocks:mossy_diorite_bricks,0.500
sophisticatedstorage:limited_netherite_barrel_4,698.920
protection_pixel:suspjetpack,22.480
better_weaponry:diamond_battleaxe,400.840
minecraft:magma_block,160.800
somemoreblocks:warped_mosaic,0.840
minecraft:spruce_pressure_plate,0.830
irons_spellbooks:netherite_mage_leggings,1110.840
somemoreblocks:diamond_grate,720.000
minecraft:brush,15.690
somemoreblocks:red_sandstone_tile_wall,1.200
minecraft:bee_nest,110.000
somemoreblocks:ice_tile_wall,9.000
somemoreblocks:mossy_granite_brick_slab,0.250
minecraft:hay_block,270.000
minecraft:pufferfish_bucket,100.000
somemoreblocks:cracked_gold_bricks,2.430
hazennstuff:dark_ritual_templar_helmet,1461.480
somemoreblocks:ice_tile_stairs,9.000
somemoreblocks:yellow_concrete_bricks,0.320
supplementaries:ash_brick,1.000
create:mangrove_window,1.400
somemoreblocks:mossy_end_stone_brick_slab,0.250
somemoreblocks:waxed_exposed_cracked_copper_bricks,70.610
better_weaponry:netherite_shuriken,894.180
create:framed_glass_door,1.130
create:jungle_window,1.400
better_weaponry:stone_dagger,0.720
create:wheat_flour,30.000
somemoreblocks:bone_tiles,2.700
born_in_chaos_v1:orange_stained_glass_panel,0.110
hazennstuff:mossy_mud_brick_slab,30.220
born_in_chaos_v1:mossy_black_argillite_brick,0.380
somemoreblocks:smooth_calcite_slab,0.150
somemoreblocks:green_stained_tiled_glass_pane,0.110
crystal_chronicles:polished_crustone_wall,0.300
minecraft:pitcher_pod,0.500
somemoreblocks:cracked_cut_redstone,0.900
create:cuckoo_clock,6.840
born_in_chaos_v1:spider_mandible,45.000
chimes:carved_bamboo_chimes,60.000
hazennstuff:mycelium_guardian_chestplate,2736.410
somemoreblocks:polished_ice_stairs,9.000
minecraft:waxed_exposed_cut_copper_slab,9.050
minecraft:dark_oak_fence,0.830
born_in_chaos_v1:lord_pumpkinheads_lamp,4310.000
create:fluid_tank,6.360
hazennstuff:seraph_boots,15218.990
born_in_chaos_v1:purple_stained_glass,0.290
somemoreblocks:waxed_weathered_copper_pillar,72.430
numismatics:bank_terminal,14.760
protection_pixel:closedas_helmet,1032.080
hazennstuff:shadow_scale_helmet,10970.860
minecraft:smooth_sandstone_stairs,1.200
minecraft:blaze_powder,10.000
hazennstuff:rotten_girl_boots,2.130
minecraft:chain,0.330
minecraft:oak_fence,0.830
somemoreblocks:mossy_mud_brick_stairs,30.400
minecraft:experience_bottle,120.000
minecraft:prismarine_brick_stairs,8.320
create:brass_ladder,0.140
irons_spellbooks:ice_staff,459.690
protection_pixel:blooddialysisdevice,48.780
better_weaponry:stone_glaive,1.440
supplementaries:sconce_soul,0.690
somemoreblocks:corrupted_polished_basalt_brick_stairs,40.700
somemoreblocks:dripstone_tiles,0.080
somemoreblocks:cyan_terracotta_bricks,0.320
born_in_chaos_v1:argillite_lamp,0.380
irons_spellbooks:divine_pearl,5.980
somemoreblocks:white_stained_tiled_glass,0.300
supplementaries:dispenser_minecart,49.810
somemoreblocks:dripstone_tile_wall,0.080
somemoreblocks:polished_purpur,15.000
sophisticatedbackpacks:backpack,116.640
somemoreblocks:packed_snow,1.000
protection_pixel:bloodprisoner_helmet,3.950
irons_spellbooks:nature_upgrade_orb,17466.220
born_in_chaos_v1:birch_branches,800.000
minecraft:golden_horse_armor,75.000
born_in_chaos_v1:hound_trap,280.810
sophisticatedbackpacks:pump_upgrade,114.720
somemoreblocks:soul_sandstone_stairs,0.800
minecraft:crossbow,32.290
crystal_chronicles:pyromancer_helmet,9997.490
minecraft:calibrated_sculk_sensor,27.130
minecraft:dragon_breath,75.000
better_weaponry:iron_sickle,0.960
hazennstuff:lights_bane,835.850
somemoreblocks:cracked_andesite_tiles,0.300
somemoreblocks:magenta_stained_tiled_glass_pane,0.110
somemoreblocks:green_shingles_stairs,0.160
lootr:trophy,1800.000
minecraft:crimson_slab,0.420
hazennstuff:chlorophyte_leggings,12697.560
minecraft:ancient_debris,12.000
somemoreblocks:purple_shingles,0.160
better_weaponry:stone_cutlass,2.280
darkdoppelganger:doppelganger_ring,7500.000
born_in_chaos_v1:transforming_easter_cake,303.460
hazennstuff:sacred,72799.200
somemoreblocks:calcite_tile_wall,0.300
somemoreblocks:gray_terracotta_bricks,0.320
somemoreblocks:dripstone_brick_slab,0.040
minecraft:purpur_stairs,15.000
somemoreblocks:yellow_stained_tiled_glass_pane,0.110
supplementaries:gold_door,0.540
vista:television,118.130
minecraft:mossy_cobblestone_stairs,0.500
born_in_chaos_v1:dark_metal_armor_leggings,22609.180
supplementaries:lunch_basket,43.000
hazennstuff:frostbite_birch_slab,0.420
protection_pixel:hunteras_helmet,1044.640
minecraft:acacia_hanging_sign,5.110
born_in_chaos_v1:stimulating_bomb,715.250
born_in_chaos_v1:krampus_horn,325.000
minecraft:tuff_brick_wall,0.300
protection_pixel:anchorpointas_leggings,2087.680
somemoreblocks:cracked_polished_basalt_tiles,0.500
crystal_chronicles:pyromancer_leggings,10300.850
born_in_chaos_v1:intoxicatind_bomb,715.100
hazennstuff:permafrost_prince_leggings,20640.350
born_in_chaos_v1:nightmare_mantleofthe_night_leggings,3750.000
supplementaries:altimeter,1.180
create:raw_zinc_block,45.000
minecraft:blaze_rod,30.000
supplementaries:end_stone_lamp,13.650
hazennstuff:calamitas_chestplate,35633.340
minecraft:sponge,20.000
minecraft:quartz_stairs,0.320
somemoreblocks:polished_end_stone_slab,0.150
born_in_chaos_v1:creepy_nutcracker,485.000
irons_spellbooks:netherward_tincture,650.000
somemoreblocks:mossy_end_stone_bricks,0.500
minecraft:waxed_exposed_copper_door,70.540
somemoreblocks:cracked_coal_bricks,18.000
supplementaries:way_sign_cherry,0.420
crystal_chronicles:bronchus_fence_gate,4.180
sophisticatedbackpacks:tool_swapper_upgrade,84.730
create:transmitter,1.720
better_weaponry:emerald_chakram,200.420
minecraft:beetroot_soup,45.620
irons_spellbooks:blood_rune,4421.690
born_in_chaos_v1:rotten_soil,12.700
minecraft:waxed_oxidized_cut_copper,18.110
better_weaponry:golden_glaive,1.380
minecraft:stone_slab,0.150
create:mysterious_cuckoo_clock,7.240
minecraft:diamond_horse_armor,170.000
minecraft:acacia_slab,0.420
minecraft:jungle_stairs,0.830
minecraft:blast_furnace,4.650
minecraft:polished_andesite_stairs,0.300
somemoreblocks:bone_brick_wall,2.700
sophisticatedstorage:gold_chest,11.480
suppsquared:item_shelf_pale_oak,0.630
hazennstuff:utau_leggings,1.980
exposure:album,59.140
somemoreblocks:mossy_purpur_block_wall,15.200
genshinstrument:djem_djem_drum,33.460
create:acacia_window,1.400
hazennstuff:mossy_mud_brick_stairs,90.680
minecraft:cobbled_deepslate_stairs,0.300
minecraft:baked_potato,7.500
minecraft:fletching_table,3.920
minecraft:cooked_salmon,27.500
minecraft:mossy_cobblestone_wall,0.500
minecraft:spyglass,6.250
somemoreblocks:waxed_oxidized_cracked_cut_copper,18.110
better_weaponry:wooden_hammer,5.400
irons_spellbooks:poisonward_ring,4228.360
minecraft:dried_ghast,360.300
minecraft:oak_chest_boat,10.790
somemoreblocks:cracked_end_stone_bricks,0.300
minecraft:sculk_catalyst,25.000
somemoreblocks:lime_shingles_stairs,0.160
crystal_chronicles:cracked_crustone_bricks,0.300
protection_pixel:bloodprisoneras_helmet,1032.240
somemoreblocks:cracked_calcite_tiles,0.300
protection_pixel:buoyancyas_leggings,2088.460
somemoreblocks:sandstone_tile_stairs,1.200
hazennstuff:flesh_mass_helmet,16281.410
hazennstuff:ender_dragon_helmet,15921.410
minecraft:stone_pressure_plate,0.600
sophisticatedstorage:advanced_hopper_upgrade,97.000
clavis:lock_pick,0.270
exposure:lightroom,4.920
supplementaries:ash_bricks_wall,4.000
irons_spellbooks:frosted_helve,183.900
minecraft:bamboo_mosaic_stairs,2.250
somemoreblocks:light_gray_stained_tiled_glass,0.300
minecraft:mossy_cobblestone,0.500
sophisticatedstorage:netherite_shulker_box,770.560
irons_spellbooks:nether_brick_pillar,0.320
betterarcheology:villager_fossil,15000.000
somemoreblocks:mossy_diorite_brick_stairs,0.500
irons_spellbooks:mana_upgrade_orb,17712.940
minecraft:mangrove_boat,4.150
minecraft:bread,30.000
minecraft:ominous_bottle,650.000
somemoreblocks:waxed_weathered_cracked_copper_bricks,70.610
irons_spellbooks:pyrium_ingot,60.000
minecraft:lever,0.720
hazennstuff:ancient_warriors_axe,2655.900
supplementaries:hat_stand,0.980
minecraft:waxed_exposed_copper,72.430
crystal_chronicles:toxic_helmet,9794.990
better_weaponry:emerald_armor_leggings,350.000
create:weathered_iron_window,0.360
minecraft:bamboo_slab,0.750
minecraft:dark_oak_chest_boat,10.790
minecraft:dark_oak_trapdoor,0.830
create:copper_casing,4.770
sophisticatedstorage:paintbrush,120.840
irons_spellbooks:pumpkin_leggings,843.780
somemoreblocks:smooth_diorite,0.300
chimes:amethyst_chimes,20.980
somemoreblocks:mossy_andesite_brick_stairs,0.500
crystal_chronicles:ice_shard,3023.210
better_weaponry:amethyst_hammer,34.680
minecraft:polished_deepslate_slab,0.150
minecraft:acacia_chest_boat,10.790
minecraft:birch_hanging_sign,5.110
somemoreblocks:mossy_purpur_block_stairs,15.200
hazennstuff:wisewood_button,0.060
better_weaponry:copper_armor_helmet,1.350
better_weaponry:copper_dagger,0.690
irons_spellbooks:portal_frame,798.900
minecraft:deepslate_bricks,0.300
better_weaponry:stone_spear,1.140
supplementaries:gold_trapdoor,1.080
protection_pixel:reinforcedfiber,30.830
minecraft:waxed_weathered_cut_copper_stairs,18.110
somemoreblocks:cracked_andesite_bricks,0.300
hazennstuff:garments_of_the_first_flamebearer_soul_leggings,27455.360
minecraft:red_dye,0.170
minecraft:mossy_stone_brick_stairs,0.500
protection_pixel:slingshotas_leggings,2087.760
hazennstuff:wisewood_stairs,1.070
minecraft:cooked_chicken,20.000
paraglider:enduring_mixture,7.740
minecraft:oak_door,0.830
somemoreblocks:magenta_concrete_tiles,0.320
minecraft:nether_brick,0.080
somemoreblocks:pink_shingles,0.160
irons_spellbooks:pedestal,0.300
somemoreblocks:smooth_deepslate_slab,0.150
protection_pixel:chestplatelining,26.230
darkdoppelganger:elder_necklace,7500.000
minecraft:tadpole_bucket,100.000
born_in_chaos_v1:bloody_gadfly_eye,30.000
somemoreblocks:white_shingles,0.160
hazennstuff:spectral_spelunker_leggings,9720.070
create:fluid_valve,0.470
create:item_vault,6.360
somemoreblocks:red_nether_bricks_pillar,10.160
supplementaries:lapis_bricks_stairs,8.320
minecraft:spruce_door,0.830
hazennstuff:the_wither_leggings,18029.770
better_weaponry:diamond_glaive,160.840
somemoreblocks:mossy_tuff_brick_stairs,0.500
hazennstuff:dawnmaker,3256.900
create:contraption_controls,6.280
somemoreblocks:gold_pillar,2.430
born_in_chaos_v1:carved_black_argillite,0.250
create:cardboard_boots,15.000
irons_spellbooks:lightning_upgrade_orb,17666.220
suppsquared:heavy_key,12.330
hazennstuff:eldritch_rune,11381.690
somemoreblocks:calcite_bricks,0.300
somemoreblocks:polished_basalt_tile_stairs,0.500
minecraft:dark_prismarine,17.640
somemoreblocks:andesite_tile_slab,0.150
better_weaponry:netherite_hammer,1054.600
supplementaries:netherite_door,12.540
create:sand_paper,0.800
born_in_chaos_v1:pileof_dark_metal,3600.000
create:waxed_copper_shingle_slab,70.070
irons_spellbooks:netherite_mage_chestplate,1262.520
crystal_chronicles:crustone_wall,0.300
minecraft:wheat,30.000
minecraft:bow,46.260
supplementaries:wrench,1.080
hazennstuff:chlorophyte_helmet,11772.120
hazennstuff:iron431_helmet,2516.750
somemoreblocks:light_gray_shingles_stairs,0.160
crystal_chronicles:volcanite_shard,635.710
crystal_chronicles:mage_chestplate,10452.530
minecraft:pale_oak_slab,0.420
somemoreblocks:birch_mosaic_slab,0.420
hazennstuff:absolute,118301.000
minecraft:andesite_stairs,0.300
somemoreblocks:waxed_cracked_cut_copper,18.110
create:raw_zinc,5.000
minecraft:jungle_slab,0.420
protection_pixel:breaker_chestplate,42.370
supplementaries:sconce,0.690
minecraft:skull_banner_pattern,1050.500
minecraft:dark_oak_boat,4.150
exposure:glass_photograph_frame,8.940
crystal_chronicles:electromancer_chestplate,10362.580
hazennstuff:white_lily_staff,9237.280
betterarcheology:rotten_fence,0.830
minecraft:mossy_stone_brick_wall,0.500
create:portable_storage_interface,5.030
create:smart_fluid_pipe,1.620
somemoreblocks:coal_pillar,18.000
hazennstuff:mothic_witch_boots,19425.260
somemoreblocks:chiseled_calcite_bricks,0.300
somemoreblocks:white_concrete_tiles,0.320
born_in_chaos_v1:rotten_fish,27.500
somemoreblocks:mossy_dripstone_brick_slab,0.140
hazennstuff:crystal_arachnid_boots,24983.280
minecraft:yellow_dye,0.170
irons_spellbooks:conjurers_talisman,31.670
protection_pixel:workerhornet_chestplate,34.950
supplementaries:pedestal,0.600
better_weaponry:wooden_cutlass,3.340
hazennstuff:iron431_chestplate,2756.750
create:polished_rose_quartz,0.880
minecraft:pointed_dripstone,0.020
supplementaries:iron_gate,0.330
hazennstuff:sacred_robes_leggings,3237.960
hazennstuff:alchemist_supreme_helmet,16161.410
minecraft:netherrack,0.100
somemoreblocks:granite_brick_slab,0.150
crystal_chronicles:toxic_leggings,10098.350
create:precision_mechanism,13.470
somemoreblocks:mossy_purpur_block,15.200
irons_spellbooks:cooldown_rune,4301.690
somemoreblocks:soul_sandstone_brick_stairs,0.800
minecraft:packed_ice,9.000
hazennstuff:chlorophyte_headgear,12720.920
minecraft:stone,0.300
hazennstuff:rotten_girl_leggings,2.130
somemoreblocks:soul_sandstone_tiles,0.800
minecraft:blackstone_stairs,0.300
hazennstuff:legionnaire_ruler_boots,1117.060
minecraft:glow_ink_sac,12.500
create:mechanical_saw,5.910
somemoreblocks:corrupted_polished_blackstone_brick_stairs,40.500
born_in_chaos_v1:bonescaller_staff,4492.500
betterarcheology:netherite_brush,669.600
waterframes:projector,31.760
vista:hollow_cassette,1440.000
born_in_chaos_v1:nightmare_scythe,5005.000
minecraft:cobbled_deepslate_wall,0.300
somemoreblocks:lime_concrete_bricks,0.320
somemoreblocks:red_sandstone_brick_wall,1.200
somemoreblocks:light_gray_concrete_tiles,0.320
minecraft:nether_brick_fence,0.240
supplementaries:timber_cross_brace,1.680
create:controls,184.760
minecraft:smooth_stone,0.300
hazennstuff:rotten_girl_helmet,2.130
somemoreblocks:light_blue_stained_tiled_glass,0.300
create:mangrove_window_pane,0.520
create:rose_quartz_block,0.440
minecraft:birch_chest_boat,10.790
protection_pixel:ironarmorplate,0.930
minecraft:nether_wart,5.000
somemoreblocks:blue_checkered_tiles,0.320
hazennstuff:herta_puppet_boots,9265.780
create:ornate_iron_window,0.200
minecraft:ender_eye,40.000
somemoreblocks:calcite_tiles,0.300
supplementaries:blackstone_lamp,3.000
somemoreblocks:waxed_weathered_copper_bricks,70.610
minecraft:birch_slab,0.420
somemoreblocks:diamond_pillar,720.000
somemoreblocks:tall_snow_grass,0.750
hazennstuff:alchemist_supreme_boots,15747.230
better_weaponry:golden_battleaxe,2.190
sophisticatedbackpacks:battery_upgrade,78.260
crystal_chronicles:chakram,2543.260
born_in_chaos_v1:scorched_planks_door,10.830
born_in_chaos_v1:black_argillite_wall,0.250
better_weaponry:wooden_scythe,4.160
minecraft:waxed_cut_copper_stairs,18.110
supplementaries:gold_bars,0.100
somemoreblocks:red_concrete_bricks,0.320
protection_pixel:heatpulsethruster,24.340
hazennstuff:the_tribunes_medallion,1300.000
somemoreblocks:sandstone_tile_slab,0.600
betterarcheology:diamond_brush,95.420
supplementaries:cannon_boat_mangrove,56.450
somemoreblocks:cyan_terracotta_tiles,0.320
minecraft:turtle_egg,45.000
minecraft:stone_hoe,1.440
hazennstuff:project_sekai_helmet,2.130
supplementaries:relayer,2.270
somemoreblocks:cracked_diamond_bricks,720.000
irons_spellbooks:heavy_chain_necklace,16.670
create:framed_glass_trapdoor,1.130
better_weaponry:copper_pickaxe,1.650
minecraft:cooked_beef,20.000
minecraft:mud_brick_slab,15.100
irons_spellbooks:cinder_essence,9.730
minecraft:hopper_minecart,9.340
hazennstuff:firebrand,240.270
somemoreblocks:mossy_calcite_brick_wall,0.500
create:nixie_tube,0.580
minecraft:disc_fragment_5,60.000
crystal_chronicles:rogue_boots,10115.860
protection_pixel:hellsnake_chestplate,42.080
born_in_chaos_v1:nut_hammer,405.420
minecraft:rabbit_foot,230.000
hazennstuff:slc_cat_chestplate,20830.280
better_weaponry:stone_sickle,1.020
somemoreblocks:smooth_granite,0.300
hazennstuff:calamitas_helmet,33673.260
sophisticatedstorage:diamond_barrel,650.660
born_in_chaos_v1:spider_bite_sword,7832.500
better_weaponry:golden_cutlass,2.220
create:minecart_coupling,0.930
hazennstuff:garments_of_the_first_flamebearer_chestplate,27855.280
irons_spellbooks:furled_map_ancient,2231.400
somemoreblocks:cracked_sandstone_bricks,1.200
minecraft:diorite_stairs,0.300
born_in_chaos_v1:stained_black_argillite_brick,7.750
minecraft:mangrove_pressure_plate,0.830
somemoreblocks:cracked_red_nether_bricks,10.160
somemoreblocks:ice_brick_stairs,9.000
fdbosses:phase_sphere,3200.000
somemoreblocks:dripstone_brick_stairs,0.080
hazennstuff:crystal_arachnid_leggings,25963.320
somemoreblocks:diorite_brick_stairs,0.300
somemoreblocks:mossy_tuff_brick_wall,0.500
create:dark_oak_window_pane,0.520
irons_spellbooks:lightning_rune,4261.690
hazennstuff:fireblossom_chestplate,2350.950
waterframes:remote,4.510
supplementaries:way_sign_pale_oak,0.420
crystal_chronicles:pyromancer_chestplate,10452.530
somemoreblocks:pink_checkered_tiles,0.320
irons_spellbooks:diamond_spell_book,395.860
crystal_chronicles:evoker_chestplate,10296.820
irons_spellbooks:graybeard_staff,13.400
minecraft:netherite_scrap,12.000
supplementaries:daub,15.080
crystal_chronicles:ice_hammer,15116.890
sophisticatedstorage:limited_copper_barrel_1,8.910
somemoreblocks:polished_mud_stairs,30.200
sophisticatedstorage:limited_copper_barrel_2,8.500
somemoreblocks:yellow_concrete_tiles,0.320
somemoreblocks:redstone_sea_lantern,183.720
sophisticatedstorage:limited_copper_barrel_3,8.090
minecraft:cut_sandstone,1.200
sophisticatedstorage:limited_copper_barrel_4,7.680
better_weaponry:emerald_pickaxe,150.840
irons_spellbooks:scroll,40.000
somemoreblocks:mossy_prismarine_brick_slab,4.210
supplementaries:stone_tile_wall,0.300
create:andesite_door,5.660
minecraft:nether_brick_slab,0.160
hazennstuff:gabriel_ultrakill_leggings,24611.600
supplementaries:blackstone_tile,0.300
better_weaponry:wooden_broadsword,5.400
born_in_chaos_v1:rotten_infernal_pumpkin,153.800
somemoreblocks:mossy_mud_brick_slab,15.200
somemoreblocks:cherry_mosaic_slab,0.420
minecraft:enchanting_table,804.840
somemoreblocks:crimson_mosaic_slab,0.420
minecraft:lead,37.500
better_weaponry:copper_glaive,1.380
minecraft:campfire,18.260
better_weaponry:emerald_armor_boots,200.000
irons_spellbooks:tarnished_helmet,3750.000
minecraft:brick_stairs,0.320
hazennstuff:neru_helmet,2.050
better_weaponry:golden_dagger,0.690
better_weaponry:emerald_spear,50.840
irons_spellbooks:divine_soulshard,7200.000
hazennstuff:flaming_template,2350.450
minecraft:waxed_copper_trapdoor,70.810
create:acacia_window_pane,0.520
somemoreblocks:polished_basalt_bricks,0.500
minecraft:water,2.500
create_wizardry:lightning,0.080
minecraft:milk,7.500
create:tea,5.000
sophisticatedcore:xp_still,0.020
irons_spellbooks:greater_healing_elixir,650.000
supplementaries:lumisene,0.040
#comforts:hammocks,90.840
#comforts:sleeping_bags,180.000
#create:postboxes,6.300
#create:seats,60.420
#create:dyed_table_cloths,30.160
#create:toolboxes,20.570
#create:valve_handles,1.140
#minecraft:harnesses,61.020
#minecraft:banners,360.420
#minecraft:beds,182.490
#minecraft:candles,85.000
#minecraft:wool_carpets,40.000
#c:concretes,0.320
#c:concrete_powders,0.320
#c:glazed_terracottas,0.320
#c:shulker_boxes,76.640
#numismatics:cards,13.890
#numismatics:id_cards,0.950
#supplementaries:awnings,22.920
#supplementaries:candle_holders,85.270
#supplementaries:flags,360.420
#supplementaries:presents,4.000
#supplementaries:trapped_presents,4.760
#supplementaries:buntings,47.500
#suppsquared:gold_candle_holders,85.270
#supplementaries:sacks,120.000
#minecraft:bundles,15.140
#logs,5.000
#create:rare_packages,1250.000
#minecraft:leaves,0.200
#minecraft:saplings,0.200
#flowers,0.500
#tall_flowers,0.500
#plants,0.500
#froglight,45.000
#eggs,0.000
#plant_foods,7.500
#meat_foods,20.000
#fish_foods,27.500
#corals,2.500
#bamboo_blocks,4.500
#gravels,0.300
#dirts,0.200
#tombstones,25000.000
#pots,0.320
#pot_sherds,4000.000
#skulls,750.000
#stones,0.300
#seeds,0.300
#coal_ores,4.000
#iron_ores,35.000
#gold_ores,45.000
#copper_ores,6.000
#redstone_ores,25.000
#emerald_ores,100.000
#lapis_ores,25.000
#diamond_ores,300.000
#quartz_ores,60.000
#born_in_chaos_v1:infected_diamond_ores,800.000
#randomium_ores,4000.000
#mithril_ores,300.000
#zinc_ores,25.000
#zenalite_ores,150.000
#chlorophyte_ores,800.000
#dreadstone_ores,40.000
#solar_core_ores,60.000
#dark_metal_ores,400.000
#create:blaze_burners,1.180
#minecraft:pumpkins,6.000
#supplementaries:bamboo_spikes,1.630
#relics,5000.000
#archeology_fossils,7500.000
#archeology:vases,125.000
#archeology_totems,25000.000
#create:honeys,30.000
#born_in_chaos_v1:charms,2900.000
#born_in_chaos_v1:candies,20.000
#born_in_chaos_v1:pumpkins,6.300
#music_discs,540.000
#crystal_chronicles:flesh_blocks,1.000
#crystal_chronicles:flesh_plants,0.250
#fdbosses:trophies,14400.000
#fdbosses:cores,5000.000
#hazennstuff:frostbite_planks,0.830
#minecraft:copper_grates,0.610
#create:copper_shingle_stairs,0.140
#minecraft:copper_doors,0.540
#create:copper_shingles,0.140
#create:copper_tiles,0.140
#minecraft:cut_copper_stairs,0.610
#create:copper_tile_stairs,0.140
#create:copper_tile_slabs,0.070
#minecraft:cut_copper_slabs,0.300
#minecraft:copper_trapdoors,0.810
#create:copper_shingle_slabs,0.070
#minecraft:chiseled_coppers,0.600
#minecraft:copper_bulbs,9.350
#somemoreblocks:cracked_copper_bricks,0.610
#somemoreblocks:copper_pillars,2.430
#somemoreblocks:cracked_cut_coppers,0.610
create:cut_granite_brick_slab,0.150
create:small_granite_brick_slab,0.150
create:cut_granite_brick_wall,0.300
create:granite_pillar,0.300
create:small_granite_bricks,0.300
create:polished_cut_granite,0.300
create:small_granite_brick_wall,0.300
create:cut_granite,0.300
create:cut_granite_bricks,0.300
create:polished_cut_granite_wall,0.300
create:polished_cut_granite_stairs,0.300
create:layered_granite,0.300
create:cut_granite_slab,0.150
create:small_granite_brick_stairs,0.300
create:cut_granite_stairs,0.300
create:cut_granite_brick_stairs,0.300
create:polished_cut_granite_slab,0.150
create:cut_granite_wall,0.300
sophisticatedstorage:stonecutter_upgrade,7.040
sophisticatedbackpacks:stonecutter_upgrade,75.390
somemoreblocks:netherite_bricks,441.720
somemoreblocks:cut_netherite,441.720
hazennstuff:lemon_god_boots,2387.490
hazennstuff:permafrost_fragment,34.470
irons_spellbooks:permafrost_shard,275.790
hazennstuff:atlas_boots,656.940
hazennstuff:giorno_giovanna_boots,658.100
hazennstuff:frieren_boots,656.090
irons_spellbooks:cultist_boots,5028.410
irons_spellbooks:archevoker_boots,4988.410
irons_spellbooks:electromancer_boots,4868.410
irons_spellbooks:priest_boots,4812.330
irons_spellbooks:pyromancer_boots,4908.410
irons_spellbooks:cryomancer_boots,4860.410
irons_spellbooks:shadowwalker_boots,4908.410
irons_spellbooks:plagued_boots,4818.410
hazennstuff:atlas_chestplate,1263.660
hazennstuff:frieren_chestplate,1262.810
hazennstuff:giorno_giovanna_chestplate,1264.820
irons_spellbooks:priest_chestplate,5419.050
irons_spellbooks:cryomancer_chestplate,5467.130
irons_spellbooks:shadowwalker_chestplate,5515.130
irons_spellbooks:cultist_chestplate,5635.130
irons_spellbooks:electromancer_chestplate,5475.130
irons_spellbooks:pyromancer_chestplate,5515.130
irons_spellbooks:plagued_chestplate,5425.130
irons_spellbooks:archevoker_chestplate,5595.130
hazennstuff:giorno_giovanna_leggings,1113.140
hazennstuff:frieren_leggings,1111.130
hazennstuff:atlas_leggings,1111.980
irons_spellbooks:archevoker_leggings,5443.450
irons_spellbooks:pyromancer_leggings,5363.450
irons_spellbooks:cryomancer_leggings,5315.450
irons_spellbooks:shadowwalker_leggings,5363.450
irons_spellbooks:plagued_leggings,5273.450
irons_spellbooks:priest_leggings,5267.370
irons_spellbooks:cultist_leggings,5483.450
irons_spellbooks:electromancer_leggings,5323.450
hazennstuff:giorno_giovanna_helmet,809.780
hazennstuff:atlas_helmet,808.620
hazennstuff:frieren_helmet,807.770
hazennstuff:fireblossom_crown,4701.670
hazennstuff:fireblossom_helmet,2350.950
irons_spellbooks:cultist_helmet,5180.090
irons_spellbooks:priest_helmet,4964.010
irons_spellbooks:archevoker_helmet,5140.090
irons_spellbooks:cryomancer_helmet,5012.090
irons_spellbooks:shadowwalker_helmet,5060.090
irons_spellbooks:pyromancer_helmet,5060.090
irons_spellbooks:plagued_helmet,4970.090
irons_spellbooks:electromancer_helmet,5020.090
hazennstuff:divine_mold,553.600
hazennstuff:excalibur,37.500
hazennstuff:excalibur_divine_gold,37.500
hazennstuff:pickaxe_axe,37.500
hazennstuff:pickaxe_axe_divine_gold,37.500
irons_spellbooks:blank_rune,177.870
hazennstuff:runestone_fragments,19.150
hazennstuff:arcane_steel_block,827.550
irons_spellbooks:arcane_ingot,91.950
create:schedule,41.580
sophisticatedbackpacks:crafting_upgrade,84.080
sophisticatedstorage:crafting_upgrade,15.730
sophisticatedstorage:advanced_void_upgrade,161.270
sophisticatedbackpacks:advanced_void_upgrade,229.620
sophisticatedstorage:void_upgrade,80.430
sophisticatedbackpacks:void_upgrade,148.780
sophisticatedbackpacks:advanced_magnet_upgrade,229.950
sophisticatedstorage:advanced_magnet_upgrade,185.280
sophisticatedbackpacks:advanced_pickup_upgrade,194.790
sophisticatedstorage:advanced_pickup_upgrade,122.290
sophisticatedstorage:magnet_upgrade,104.440
sophisticatedbackpacks:magnet_upgrade,176.940
sophisticatedbackpacks:pickup_upgrade,113.950
sophisticatedstorage:pickup_upgrade,41.450
sophisticatedstorage:advanced_compacting_upgrade,103.050
sophisticatedbackpacks:advanced_compacting_upgrade,171.400
sophisticatedstorage:compacting_upgrade,22.210
sophisticatedbackpacks:compacting_upgrade,90.560
minecraft:sticky_piston,34.260
minecraft:piston,4.060
irons_spellbooks:wisewood_bookshelf,7.150
sophisticatedstorage:advanced_alchemy_upgrade,229.950
sophisticatedbackpacks:advanced_alchemy_upgrade,229.950
sophisticatedstorage:alchemy_upgrade,156.570
sophisticatedbackpacks:alchemy_upgrade,224.920
create:bar_of_chocolate,1875.000
create:chocolate,7.500
create:chocolate_bucket,7500.000
irons_spellbooks:eldritch_manuscript,6665.000
irons_spellbooks:ancient_knowledge_fragment,2221.670
sophisticatedstorage:auto_smoking_upgrade,213.450
sophisticatedbackpacks:auto_smoking_upgrade,229.950
sophisticatedbackpacks:smoking_upgrade,97.190
sophisticatedstorage:smoking_upgrade,28.840
create:linear_chassis,5.220
create:secondary_linear_chassis,5.220
sophisticatedbackpacks:stack_upgrade_omega_tier,229.940
sophisticatedstorage:stack_upgrade_omega_tier,76.650
sophisticatedstorage:stack_upgrade_tier_5,76.650
sophisticatedbackpacks:stack_upgrade_tier_4,229.940
sophisticatedstorage:stack_upgrade_tier_4,76.650
sophisticatedbackpacks:stack_upgrade_tier_3,229.940
sophisticatedbackpacks:stack_upgrade_tier_2,112.460
sophisticatedstorage:stack_upgrade_tier_3,38.870
sophisticatedbackpacks:stack_upgrade_tier_1,93.020
sophisticatedstorage:stack_upgrade_tier_2,32.390
sophisticatedbackpacks:stack_upgrade_starter_tier,93.020
sophisticatedstorage:stack_upgrade_tier_1_plus,32.390
sophisticatedbackpacks:advanced_filter_upgrade,134.820
sophisticatedstorage:advanced_filter_upgrade,66.470
sophisticatedbackpacks:filter_upgrade,133.980
sophisticatedstorage:filter_upgrade,65.630
sophisticatedbackpacks:advanced_feeding_upgrade,212.060
sophisticatedstorage:advanced_feeding_upgrade,143.710
sophisticatedstorage:feeding_upgrade,62.870
sophisticatedbackpacks:feeding_upgrade,131.220
somemoreblocks:cut_gold,2.430
somemoreblocks:gold_bricks,2.430
hazennstuff:frieren_staff,7.220
hazennstuff:wisewood_cane,8.020
sophisticatedstorage:advanced_jukebox_upgrade,173.350
sophisticatedbackpacks:advanced_jukebox_upgrade,229.950
sophisticatedstorage:storage_output,182.690
sophisticatedstorage:storage_input,182.690
sophisticatedstorage:storage_io,182.690
sophisticatedbackpacks:auto_blasting_upgrade,229.950
sophisticatedstorage:auto_blasting_upgrade,195.700
paraglider:rito_goddess_statue,1.400
paraglider:goron_goddess_statue,1.470
paraglider:kakariko_goddess_statue,2.030
paraglider:goddess_statue,1.500
create:factory_gauge,10.780
create:rose_quartz_tiles,0.440
create:small_rose_quartz_tiles,0.440
supplementaries:blackboard,1.120
hazennstuff:rose_quartz,3.030
create:stock_ticker,8.650
minecraft:netherite_ingot,49.080
minecraft:netherite_block,441.720
sophisticatedstorage:auto_smelting_upgrade,193.450
sophisticatedbackpacks:auto_smelting_upgrade,229.950
paraglider:paraglider,39.600
paraglider:deku_leaf,39.800
create:white_sail,30.580
create:sail_frame,30.580
create:filter,60.060
create:andesite_table_cloth,0.160
create:vertical_gearbox,8.390
create:gearbox,8.390
create:clipboard,1.660
create:speedometer,6.010
create:stressometer,6.010
create:andesite_alloy_block,2.970
create:andesite_alloy,0.330
sophisticatedbackpacks:blasting_upgrade,79.440
sophisticatedstorage:blasting_upgrade,11.090
sophisticatedstorage:stack_downgrade_tier_1,8.230
sophisticatedbackpacks:stack_downgrade_tier_1,76.580
sophisticatedstorage:smelting_upgrade,8.840
sophisticatedbackpacks:smelting_upgrade,77.190
sophisticatedstorage:jukebox_upgrade,92.510
sophisticatedbackpacks:jukebox_upgrade,160.860
sophisticatedbackpacks:stack_downgrade_tier_2,76.460
sophisticatedstorage:stack_downgrade_tier_2,8.110
sophisticatedstorage:stack_downgrade_tier_3,7.990
sophisticatedbackpacks:stack_downgrade_tier_3,76.340
minecraft:saddle,37.770
minecraft:leather,12.500
irons_spellbooks:hogskin,12.500
minecraft:leather_horse_armor,87.500
hazennstuff:steel_ingot,11.070
hazennstuff:steel_nugget,1.230
somemoreblocks:cut_iron,2.430
somemoreblocks:iron_bricks,2.430
create:packager,16.280
create:repackager,16.280
create:redstone_requester,8.450
create:stock_link,8.080
minecraft:iron_leggings,1.890
hazennstuff:stripped_wisewood_log,6.430
minecraft:gold_nugget,0.030
minecraft:golden_boots,1.080
born_in_chaos_v1:smoldering_scorched_log,27.920
#born_in_chaos_v1:scorched_planks,3.610
minecraft:iron_nugget,0.030
create:builders_tea,1250.050
minecraft:golden_sword,0.960
minecraft:sugar,0.250
hazennstuff:wisewood_planks,1.070
minecraft:iron_boots,1.080
irons_spellbooks:epic_ink,1.390
minecraft:gold_block,2.430
minecraft:iron_axe,1.650
irons_spellbooks:lightning_bottle,20.050
minecraft:golden_shovel,1.110
hazennstuff:wisewood_wood,6.430
irons_spellbooks:common_ink,0.050
hazennstuff:wisewood_log,6.430
born_in_chaos_v1:scorched_wood,28.890
irons_spellbooks:blood_vial,60.050
supplementaries:sugar_cube,2.250
irons_spellbooks:legendary_ink,3.100
hazennstuff:stripped_wisewood_wood,6.430
irons_spellbooks:rare_ink,0.430
create_wizardry:mana_bucket,2500.000
minecraft:iron_sword,0.960
minecraft:golden_helmet,1.350
minecraft:honey_bottle,7500.050
minecraft:stick,0.420
irons_spellbooks:ice_venom_vial,2752.550
minecraft:iron_hoe,1.380
born_in_chaos_v1:stripped_scorched_log,21.670
minecraft:golden_leggings,1.890
born_in_chaos_v1:scorched_log,21.670
irons_spellbooks:arcane_essence,11.460
minecraft:iron_chestplate,2.160
minecraft:iron_shovel,1.110
minecraft:golden_pickaxe,1.650
minecraft:golden_chestplate,2.160
irons_spellbooks:timeless_slurry,4.530
born_in_chaos_v1:stripped_scorched_wood,28.890
minecraft:iron_block,2.430
create_wizardry:mana,2.500
born_in_chaos_v1:smoldering_scorched_wood,37.230
minecraft:iron_helmet,1.350
create_wizardry:blood_bucket,240.000
minecraft:glass_bottle,0.050
minecraft:golden_axe,1.650
minecraft:iron_ingot,0.270
irons_spellbooks:uncommon_ink,0.150
minecraft:gold_ingot,0.270
minecraft:golden_hoe,1.380
minecraft:bucket,0.810
irons_spellbooks:blood,0.240
minecraft:iron_pickaxe,1.650
minecraft:honey_block,30000.000
create:experience_block,272.340
create:experience_nugget,30.260
minecraft:slime_block,271.800
minecraft:slime_ball,30.200
minecraft:bone_meal,0.300
minecraft:bone_block,2.700
create:cut_andesite_brick_wall,0.300
create:layered_andesite,0.300
create:cut_andesite_stairs,0.300
create:polished_cut_andesite_wall,0.300
create:small_andesite_brick_wall,0.300
create:polished_cut_andesite,0.300
create:andesite_pillar,0.300
create:cut_andesite_slab,0.150
create:small_andesite_brick_stairs,0.300
create:polished_cut_andesite_stairs,0.300
create:polished_cut_andesite_slab,0.150
create:cut_andesite_brick_stairs,0.300
create:cut_andesite_brick_slab,0.150
create:small_andesite_brick_slab,0.150
create:cut_andesite_bricks,0.300
create:small_andesite_bricks,0.300
create:cut_andesite,0.300
create:cut_andesite_wall,0.300
create:cut_scorchia_stairs,0.300
create:scorchia_pillar,0.300
create:cut_scorchia_brick_stairs,0.300
create:cut_scorchia_wall,0.300
create:polished_cut_scorchia_slab,0.150
create:cut_scorchia,0.300
create:cut_scorchia_slab,0.150
create:cut_scorchia_brick_wall,0.300
create:small_scorchia_brick_wall,0.300
create:small_scorchia_brick_slab,0.150
create:small_scorchia_bricks,0.300
create:small_scorchia_brick_stairs,0.300
create:polished_cut_scorchia,0.300
create:layered_scorchia,0.300
create:cut_scorchia_bricks,0.300
create:cut_scorchia_brick_slab,0.150
create:polished_cut_scorchia_stairs,0.300
create:polished_cut_scorchia_wall,0.300
create:polished_cut_deepslate_slab,0.150
create:cut_deepslate_slab,0.150
create:cut_deepslate_brick_wall,0.300
create:layered_deepslate,0.300
create:small_deepslate_brick_stairs,0.300
create:cut_deepslate,0.300
create:small_deepslate_brick_wall,0.300
create:deepslate_pillar,0.300
create:cut_deepslate_wall,0.300
create:cut_deepslate_stairs,0.300
create:cut_deepslate_brick_stairs,0.300
minecraft:deepslate,0.300
create:cut_deepslate_bricks,0.300
create:cut_deepslate_brick_slab,0.150
create:polished_cut_deepslate,0.300
create:polished_cut_deepslate_stairs,0.300
create:small_deepslate_bricks,0.300
create:small_deepslate_brick_slab,0.150
create:polished_cut_deepslate_wall,0.300
minecraft:bolt_armor_trim_smithing_template,544.860
#somemoreblocks:copper_bricks,0.610
#minecraft:cut_coppers,0.610
create:attribute_filter,60.060
create:brass_table_cloth,0.140
create:brass_block,2.430
create:brass_ingot,0.270
create:brass_nugget,0.030
create:copper_table_cloth,0.140
minecraft:waxed_copper_block,72.430
create:copper_nugget,0.030
#minecraft:coppers,2.430
minecraft:copper_ingot,0.270
somemoreblocks:redstone_bricks,0.900
somemoreblocks:cut_redstone,0.900
create:package_filter,60.060
create:zinc_ingot,0.270
create:zinc_nugget,0.030
create:zinc_block,2.430
born_in_chaos_v1:dark_upgrade,3487.500
hazennstuff:zenalite_block,1050.000
hazennstuff:zenalite_ingot,262.500
create:polished_cut_veridium_stairs,0.300
create:small_veridium_brick_stairs,0.300
create:polished_cut_veridium_wall,0.300
create:cut_veridium_bricks,0.300
create:polished_cut_veridium,0.300
create:polished_cut_veridium_slab,0.150
create:cut_veridium_wall,0.300
create:cut_veridium_stairs,0.300
create:layered_veridium,0.300
create:cut_veridium_brick_slab,0.150
create:cut_veridium_slab,0.150
create:veridium_pillar,0.300
create:small_veridium_brick_slab,0.150
create:cut_veridium_brick_stairs,0.300
create:small_veridium_bricks,0.300
create:cut_veridium_brick_wall,0.300
create:cut_veridium,0.300
create:small_veridium_brick_wall,0.300
minecraft:chiseled_quartz_block,0.320
minecraft:quartz_slab,0.160
minecraft:host_armor_trim_smithing_template,542.810
minecraft:shaper_armor_trim_smithing_template,542.810
minecraft:raiser_armor_trim_smithing_template,542.810
minecraft:wayfinder_armor_trim_smithing_template,542.810
create:vertical_framed_glass_pane,0.110
create:framed_glass_pane,0.110
create:tiled_glass_pane,0.110
#minecraft:stained_glass_panes,0.110
create:horizontal_framed_glass_pane,0.110
create:horizontal_framed_glass,0.300
create:vertical_framed_glass,0.300
#c:glass_blocks/cheap,0.300
create:framed_glass,0.300
create:tiled_glass,0.300
minecraft:red_sandstone_slab,0.600
minecraft:chiseled_red_sandstone,1.200
minecraft:dune_armor_trim_smithing_template,543.660
minecraft:chiseled_sandstone,1.200
minecraft:sandstone_slab,0.600
minecraft:clay_ball,0.080
minecraft:clay,0.320
#minecraft:terracotta,0.320
#sands,0.300
minecraft:sandstone,1.200
create:cut_ochrum_brick_wall,0.300
create:polished_cut_ochrum,0.300
create:cut_ochrum,0.300
create:cut_ochrum_wall,0.300
create:cut_ochrum_bricks,0.300
create:polished_cut_ochrum_slab,0.150
create:polished_cut_ochrum_wall,0.300
create:small_ochrum_brick_stairs,0.300
create:cut_ochrum_brick_stairs,0.300
create:cut_ochrum_slab,0.150
create:ochrum_pillar,0.300
create:small_ochrum_bricks,0.300
create:polished_cut_ochrum_stairs,0.300
create:cut_ochrum_stairs,0.300
create:small_ochrum_brick_slab,0.150
create:cut_ochrum_brick_slab,0.150
create:small_ochrum_brick_wall,0.300
create:layered_ochrum,0.300
create:cut_scoria_slab,0.150
create:polished_cut_scoria_slab,0.150
create:small_scoria_brick_slab,0.150
create:small_scoria_brick_wall,0.300
create:cut_scoria,0.300
create:polished_cut_scoria_wall,0.300
create:scoria_pillar,0.300
create:polished_cut_scoria_stairs,0.300
create:layered_scoria,0.300
create:cut_scoria_bricks,0.300
create:polished_cut_scoria,0.300
create:cut_scoria_stairs,0.300
create:small_scoria_bricks,0.300
create:cut_scoria_brick_slab,0.150
create:cut_scoria_wall,0.300
create:cut_scoria_brick_stairs,0.300
create:small_scoria_brick_stairs,0.300
create:cut_scoria_brick_wall,0.300
minecraft:spire_armor_trim_smithing_template,557.030
minecraft:purpur_pillar,15.000
minecraft:purpur_slab,7.500
somemoreblocks:cut_emerald,450.000
somemoreblocks:emerald_bricks,450.000
minecraft:dried_kelp,0.100
minecraft:dried_kelp_block,0.900
create:cut_crimsite_brick_wall,0.300
create:small_crimsite_brick_wall,0.300
create:cut_crimsite,0.300
create:cut_crimsite_slab,0.150
create:cut_crimsite_wall,0.300
create:crimsite_pillar,0.300
create:cut_crimsite_stairs,0.300
create:cut_crimsite_brick_slab,0.150
create:cut_crimsite_bricks,0.300
create:polished_cut_crimsite_wall,0.300
create:small_crimsite_bricks,0.300
create:polished_cut_crimsite_slab,0.150
create:small_crimsite_brick_stairs,0.300
create:polished_cut_crimsite,0.300
create:layered_crimsite,0.300
create:cut_crimsite_brick_stairs,0.300
create:polished_cut_crimsite_stairs,0.300
create:small_crimsite_brick_slab,0.150
create:small_dripstone_bricks,0.080
minecraft:dripstone_block,0.080
create:cut_dripstone_slab,0.040
create:small_dripstone_brick_slab,0.040
create:cut_dripstone_stairs,0.080
create:cut_dripstone_brick_stairs,0.080
create:cut_dripstone_bricks,0.080
create:cut_dripstone_wall,0.080
create:polished_cut_dripstone_wall,0.080
create:polished_cut_dripstone_slab,0.040
create:cut_dripstone,0.080
create:cut_dripstone_brick_wall,0.080
create:small_dripstone_brick_wall,0.080
create:cut_dripstone_brick_slab,0.040
create:polished_cut_dripstone,0.080
create:small_dripstone_brick_stairs,0.080
create:polished_cut_dripstone_stairs,0.080
create:layered_dripstone,0.080
create:dripstone_pillar,0.080
heartstone:heartstone,1211.420
somemoreblocks:cut_amethyst,22.840
somemoreblocks:amethyst_bricks,22.840
minecraft:amethyst_shard,5.710
minecraft:amethyst_block,22.840
minecraft:flint,0.300
supplementaries:flint_block,2.700
create:cut_tuff_brick_slab,0.150
create:polished_cut_tuff_slab,0.150
create:small_tuff_brick_stairs,0.300
create:polished_cut_tuff_stairs,0.300
create:tuff_pillar,0.300
create:small_tuff_brick_wall,0.300
create:cut_tuff_wall,0.300
create:small_tuff_bricks,0.300
create:cut_tuff_brick_stairs,0.300
create:cut_tuff_bricks,0.300
create:small_tuff_brick_slab,0.150
create:polished_cut_tuff_wall,0.300
create:polished_cut_tuff,0.300
create:cut_tuff_stairs,0.300
create:layered_tuff,0.300
create:cut_tuff,0.300
create:cut_tuff_slab,0.150
create:cut_tuff_brick_wall,0.300
create:cut_asurine_brick_stairs,0.300
create:cut_asurine_slab,0.150
create:small_asurine_brick_stairs,0.300
create:polished_cut_asurine_stairs,0.300
create:polished_cut_asurine_wall,0.300
create:small_asurine_brick_wall,0.300
create:polished_cut_asurine,0.300
create:cut_asurine_bricks,0.300
create:cut_asurine_brick_wall,0.300
create:small_asurine_brick_slab,0.150
create:cut_asurine_wall,0.300
create:polished_cut_asurine_slab,0.150
create:asurine_pillar,0.300
create:small_asurine_bricks,0.300
create:cut_asurine_stairs,0.300
create:cut_asurine,0.300
create:layered_asurine,0.300
create:cut_asurine_brick_slab,0.150
supplementaries:globe,1472.010
supplementaries:globe_sepia,1472.010
supplementaries:soap,420.670
supplementaries:soap_block,3786.030
create:cut_limestone_brick_wall,0.300
create:layered_limestone,0.300
create:cut_limestone,0.300
create:cut_limestone_slab,0.150
create:small_limestone_brick_wall,0.300
create:small_limestone_brick_slab,0.150
create:cut_limestone_brick_stairs,0.300
create:polished_cut_limestone_slab,0.150
create:polished_cut_limestone_wall,0.300
create:small_limestone_brick_stairs,0.300
create:limestone_pillar,0.300
create:polished_cut_limestone_stairs,0.300
create:cut_limestone_stairs,0.300
create:cut_limestone_wall,0.300
create:polished_cut_limestone,0.300
create:small_limestone_bricks,0.300
create:cut_limestone_brick_slab,0.150
create:cut_limestone_bricks,0.300
minecraft:flow_armor_trim_smithing_template,595.780
create:cut_diorite_brick_wall,0.300
create:cut_diorite_slab,0.150
create:cut_diorite,0.300
create:cut_diorite_wall,0.300
create:small_diorite_brick_slab,0.150
create:cut_diorite_stairs,0.300
create:cut_diorite_bricks,0.300
create:layered_diorite,0.300
create:small_diorite_bricks,0.300
create:polished_cut_diorite,0.300
create:polished_cut_diorite_wall,0.300
create:polished_cut_diorite_stairs,0.300
create:small_diorite_brick_wall,0.300
create:polished_cut_diorite_slab,0.150
create:cut_diorite_brick_stairs,0.300
create:diorite_pillar,0.300
create:small_diorite_brick_stairs,0.300
create:cut_diorite_brick_slab,0.150
create:cut_calcite_brick_slab,0.150
create:cut_calcite_wall,0.300
create:cut_calcite_slab,0.150
create:small_calcite_brick_slab,0.150
create:cut_calcite_bricks,0.300
create:cut_calcite_stairs,0.300
create:cut_calcite,0.300
create:calcite_pillar,0.300
create:cut_calcite_brick_wall,0.300
create:small_calcite_brick_wall,0.300
create:polished_cut_calcite,0.300
create:polished_cut_calcite_stairs,0.300
create:small_calcite_brick_stairs,0.300
create:polished_cut_calcite_wall,0.300
create:polished_cut_calcite_slab,0.150
create:small_calcite_bricks,0.300
create:layered_calcite,0.300
create:cut_calcite_brick_stairs,0.300
minecraft:gunpowder,0.100
minecraft:redstone_block,0.900
minecraft:redstone,0.100
minecraft:glowstone_dust,0.100
minecraft:glowstone,0.400
somemoreblocks:cut_coal,18.000
somemoreblocks:coal_bricks,18.000
minecraft:tide_armor_trim_smithing_template,550.560
minecraft:emerald_block,450.000
minecraft:emerald,50.000
minecraft:silence_armor_trim_smithing_template,542.790
born_in_chaos_v1:dark_metal_ingot,3600.000
born_in_chaos_v1:dark_metal_nugget,400.000
born_in_chaos_v1:dark_metal_block,32400.000
somemoreblocks:cut_lapis,18.720
somemoreblocks:lapis_bricks,18.720
minecraft:netherite_upgrade_smithing_template,542.600
create:cardboard_block,15.000
create:bound_cardboard_block,45.000
create:cardboard,7.500
supplementaries:blast_armor_trim_smithing_template,542.790
minecraft:lapis_lazuli,2.080
minecraft:lapis_block,18.720
minecraft:coal,2.000
minecraft:coal_block,18.000
minecraft:coast_armor_trim_smithing_template,542.790
irons_spellbooks:mithril_ingot,600.000
hazennstuff:mithril_block,5400.000
irons_spellbooks:mithril_scrap,150.000
somemoreblocks:diamond_bricks,720.000
somemoreblocks:cut_diamond,720.000
irons_spellbooks:ice_venom,11.010
irons_spellbooks:icy_fang,6867.500
irons_spellbooks:frozen_bone,2417.500
minecraft:bone,5.640
born_in_chaos_v1:bundle_of_bones,75.000
minecraft:string,15.000
#minecraft:wool,60.000
minecraft:eye_armor_trim_smithing_template,542.790
minecraft:sentry_armor_trim_smithing_template,542.790
minecraft:vex_armor_trim_smithing_template,542.790
minecraft:wild_armor_trim_smithing_template,542.980
minecraft:snout_armor_trim_smithing_template,542.790
minecraft:lava,0.010
minecraft:lava_bucket,10.000
minecraft:ward_armor_trim_smithing_template,542.790
minecraft:rib_armor_trim_smithing_template,542.600
born_in_chaos_v1:diamond_termite_shard,8.890
minecraft:diamond_block,720.000
minecraft:diamond,80.000
minecraft:poisonous_potato,7.500
